i,j,delta,beta,prediction
1,12,360,0.01,2995.53
7,9,720,0.14,2031.53
2,7,180,0.17,686.821
4,6,540,0.16,930.809
2,4,240,0.08,2253.65
1,3,60,0.05,2660.11
3,8,720,0.01,2693.23
5,12,360,0.14,135.19
1,4,360,0.12,1539.03
8,9,300,0.02,3404.03
1,6,300,0.12,1135.82
2,9,720,0.06,2373.04
2,4,720,0.18,1201.17
12,13,180,0.2,9855.95
9,13,60,0.09,4754.47
1,2,720,0.14,1561.31
8,9,360,0.18,3269.7
2,11,600,0.01,2810.08
10,13,600,0.09,6385.65
5,12,180,0.17,136.794
3,10,240,0.09,1548.13
2,12,480,0.17,135.893
4,8,480,0.14,595.126
4,6,720,0.03,2430.26
3,4,540,0.19,1198.42
7,11,60,0.19,1759.01
2,9,300,0.11,671.856
9,10,60,0.16,4704.25
6,13,600,0.17,11.8234
10,11,180,0.07,6353.98
1,12,540,0.2,136.043
6,13,480,0.04,1262.13
6,7,660,0.12,653.323
4,11,720,0.2,11.4738
3,9,600,0.06,2451.75
2,6,420,0.01,2629.28
1,3,240,0.09,2232.84
7,10,360,0.02,2638.51
6,9,120,0.02,2837.55
3,6,600,0.01,2604.23
10,11,600,0.04,6035.24
1,13,600,0.05,13.0586
7,11,660,0.04,2232.05
1,13,420,0.19,11.831
2,12,720,0.18,133.091
9,13,120,0.15,4560.55
3,11,180,0.01,2966.84
5,13,180,0.04,1540.53
6,12,60,0.03,2973.76
1,3,540,0.2,1285.45
2,4,540,0.16,1271.04
3,8,720,0.2,525.04
5,9,720,0.04,2616.19
3,7,420,0.19,569.541
3,7,180,0.01,2732.54
10,13,120,0.08,6526.3
2,7,480,0.2,559.184
7,8,600,0.14,2084.8
5,10,240,0.08,2057.74
4,5,300,0.15,1244.84
4,5,180,0.16,1387.08
7,11,240,0.1,1693.99
4,6,60,0.19,1354.93
11,13,540,0.12,8187.02
1,6,240,0.2,983.106
9,13,420,0.07,4558.19
4,6,240,0.03,2519.25
1,10,540,0.04,2946.68
8,12,540,0.17,2901.43
2,12,120,0.03,3250.39
9,13,240,0.01,4245.11
2,12,180,0.06,3265.25
3,11,420,0.05,3093.81
4,9,600,0.18,520.794
2,3,660,0.17,1346.88
1,5,60,0.15,1645.03
3,12,180,0.13,137.792
4,12,360,0.1,132.097
9,10,480,0.06,4681.96
1,7,360,0.13,672.706
2,7,300,0.2,587.543
7,10,600,0.02,2559.41
10,12,660,0.15,6297.94
2,11,120,0.06,3119.61
11,13,360,0.18,8001.95
7,8,120,0.05,2543.17
8,12,300,0.17,2967.54
7,9,540,0.15,2033.41
5,11,420,0.09,970.448
1,2,420,0.13,1693.77
3,6,120,0.12,1336.03
5,12,660,0.02,2743.47
1,4,240,0.09,2214.42
4,12,480,0.03,2972.49
10,12,420,0.13,6470.17
1,7,240,0.16,644.769
4,12,540,0.2,135.276
5,11,420,0.01,2836.36
2,7,120,0.11,843.872
4,7,480,0.01,2658.48
7,11,480,0.04,2311.42
8,9,540,0.1,3433.75
4,9,540,0.02,2767.79
8,11,60,0.09,2940.62
5,6,60,0.02,2610.11
11,13,600,0.01,7415.78
5,10,540,0.15,485.476
4,11,240,0.05,3111.37
11,12,540,0.16,8193.42
3,11,300,0.18,11.7401
1,8,300,0.18,585.842
2,10,360,0.12,557.891
2,5,660,0.11,1295.63
5,7,300,0.02,2604.05
6,10,180,0.05,2749.62
4,11,720,0.19,11.3972
10,12,720,0.18,6200.54
5,13,360,0.03,2085.04
10,13,360,0.1,6450.89
5,11,180,0.02,2982.51
4,13,240,0.15,11.7726
9,12,600,0.03,4460.83
9,13,180,0.15,4520.1
1,8,300,0.15,624.746
1,7,660,0.01,2674.26
3,6,420,0.18,901.762
9,13,540,0.04,4412.12
4,13,720,0.01,2541.76
4,13,420,0.2,11.8699
3,9,360,0.14,600.269
1,8,60,0.17,807.306
6,9,420,0.05,2543.01
1,3,600,0.18,1334.65
1,4,660,0.03,2393.98
3,5,420,0.06,2289.72
6,12,540,0.09,906.283
1,2,60,0.15,2173.72
6,12,480,0.08,1876.71
9,13,360,0.14,4477.86
2,8,240,0.16,628.796
6,12,180,0.16,136.519
7,10,540,0.03,2479.25
8,10,300,0.02,3376.34
1,3,660,0.19,1304.47
2,9,480,0.07,2305.72
5,13,300,0.16,11.795
8,11,660,0.16,2704.81
4,13,60,0.1,11.7288
5,9,180,0.01,2821.93
4,8,180,0.01,2768.83
4,7,300,0.18,603.616
11,13,480,0.01,7472.65
6,9,60,0.04,2835.86
2,3,480,0.19,1318.88
4,13,120,0.11,11.7481
7,8,120,0.14,2230.73
6,12,120,0.06,3011.97
8,13,600,0.11,2883.49
3,5,660,0.2,1042.33
2,11,240,0.02,3072.76
3,11,600,0.09,982.671
4,8,300,0.02,2784.58
4,7,540,0.06,2309.82
8,13,420,0.07,2898.9
11,13,180,0.1,8412.75
7,11,120,0.04,2507.97
4,11,480,0.02,2919.63
1,6,60,0.19,1349.4
11,12,420,0.05,8222.66
5,7,300,0.1,768.731
12,13,60,0.07,10351.4
2,10,540,0.05,2778.6
7,12,300,0.06,2001.63
10,13,420,0.09,6451.51
7,10,600,0.13,1984
7,13,600,0.07,1586.41
4,10,360,0.18,486.894
9,11,300,0.2,4355.09
5,7,360,0.01,2646.17
1,11,660,0.02,2946.43
10,11,180,0.14,6382.32
1,5,480,0.06,2388.83
1,2,420,0.2,1417
8,13,480,0.01,3014.47
5,11,540,0.18,11.5476
2,4,720,0.16,1255.04
7,9,120,0.05,2447.66
2,11,540,0.05,3005.42
2,12,180,0.14,138.996
3,4,660,0.2,1170.27
7,13,180,0.06,1790.65
5,11,60,0.18,12.2221
1,9,360,0.09,1540.75
7,12,180,0.11,1803.86
8,11,180,0.11,2853.3
5,7,720,0.17,554.165
8,13,120,0.05,2982.97
3,5,720,0.2,1043.3
4,6,300,0.05,2409.89
2,7,480,0.14,623.074
5,7,720,0.2,543.214
1,8,120,0.14,739.112
2,4,180,0.1,1950.96
4,5,120,0.06,2411.62
2,13,540,0.09,11.2791
10,13,480,0.15,6223.11
2,7,480,0.08,1908.68
11,12,420,0.08,8449.54
5,12,180,0.2,137.189
1,4,300,0.19,1285.87
7,13,360,0.07,1635.46
1,8,480,0.08,1978.96
2,12,660,0.02,2944.68
4,9,180,0.03,2929.55
1,13,600,0.08,10.7535
2,4,180,0.15,1610.13
3,5,540,0.13,1232.34
6,9,420,0.16,556.188
1,5,120,0.02,2631.93
1,8,60,0.08,2280.95
2,5,120,0.14,1563.17
1,8,540,0.14,580.929
5,7,180,0.06,2509.91
8,13,540,0.06,2910.76
6,10,420,0.02,2754.93
7,9,540,0.17,2038.89
1,8,360,0.09,1498.05
3,8,720,0.1,627.807
3,7,360,0.02,2653.82
1,4,300,0.06,2435.65
1,12,60,0.12,93.8785
3,5,720,0.18,1076.34
3,4,120,0.15,1730.26
2,11,480,0.17,11.6233
5,12,180,0.18,137.179
1,3,60,0.06,2677.01
3,11,300,0.09,1072.26
7,13,240,0.07,1660.29
8,11,720,0.06,2841.62
2,11,720,0.06,2569.43
9,12,540,0.03,4487.51
5,12,540,0.11,133.148
4,13,180,0.03,2206.33
3,4,660,0.14,1343.7
5,8,60,0.2,795.359
7,8,420,0.05,2351.06
3,4,660,0.13,1388.28
7,10,480,0.02,2604.55
7,11,600,0.18,1688.8
11,12,360,0.06,8367.24
8,13,60,0.19,2911.66
3,11,120,0.17,11.769
6,7,300,0.01,2592.97
4,10,180,0.15,581.412
2,11,720,0.1,11.8972
7,10,360,0.01,2734.17
4,13,420,0.05,13.2129
2,11,240,0.03,3101.49
2,7,300,0.12,712.47
1,11,180,0.18,11.7981
4,12,300,0.11,134.681
3,12,660,0.18,134.669
2,11,300,0.02,3050.43
6,12,600,0.05,2934.07
2,8,180,0.02,2855.09
10,12,360,0.06,6467.83
5,12,180,0.19,137.567
6,10,720,0.05,2331.48
4,9,240,0.17,592.909
4,11,360,0.12,11.6898
4,6,660,0.05,2295.16
1,8,720,0.03,2680.35
3,5,600,0.08,1894.61
11,13,420,0.08,8315.01
10,11,420,0.19,6146.25
2,9,540,0.09,1406.17
7,9,600,0.13,2020.58
3,10,540,0.17,468.418
8,11,300,0.03,3313.61
5,8,720,0.08,1582.33
1,10,300,0.15,548.77
3,12,660,0.14,132.22
3,6,720,0.1,1170.39
10,11,360,0.04,6153.77
1,12,660,0.18,134.323
3,4,300,0.11,1642
6,13,660,0.02,2290.26
11,12,300,0.13,8413.45
3,8,600,0.12,606.606
1,7,540,0.18,562.8
3,6,420,0.01,2619.12
7,13,660,0.05,1814.73
6,12,300,0.13,134.394
2,7,360,0.07,2302.32
2,3,240,0.16,1614.14
10,13,540,0.18,6119.26
7,10,360,0.19,1988.88
9,13,300,0.15,4467.63
8,12,300,0.19,2939.52
4,12,720,0.16,133.844
11,13,420,0.2,7906.92
11,13,180,0.06,8334
1,6,600,0.14,965.515
2,8,120,0.16,724.118
4,8,360,0.16,590.663
5,7,720,0.06,2072.58
9,12,600,0.05,4466.21
5,7,720,0.07,1841.06
8,13,360,0.08,2907.08
11,13,180,0.16,8123.03
4,5,300,0.2,1123.22
4,11,120,0.09,1242.71
5,10,360,0.19,475.282
7,8,660,0.17,2131.29
3,11,360,0.07,2592.47
6,7,660,0.17,564.211
3,13,240,0.04,1531.5
5,8,540,0.2,533.204
1,12,720,0.13,129.133
3,4,720,0.11,1458.34
4,9,360,0.13,614.078
5,9,360,0.19,538.584
5,7,60,0.13,888.633
7,9,540,0.18,2041.18
3,5,600,0.17,1098.66
5,8,600,0.03,2685.75
4,6,60,0.13,1417.2
2,9,60,0.14,745.59
5,11,660,0.19,11.4254
5,10,180,0.16,573.025
2,7,240,0.05,2747.97
6,12,240,0.17,136.782
10,13,180,0.06,6428.61
6,13,240,0.15,11.7849
3,6,600,0.05,2383.19
5,12,600,0.18,135.311
9,11,60,0.11,4681.08
4,11,360,0.04,2939.55
5,12,600,0.09,914.841
4,8,180,0.06,2636.96
7,13,420,0.08,1599.03
4,6,720,0.13,1005.49
1,4,240,0.03,2558.94
3,11,300,0.02,3024.66
8,10,360,0.09,3027.99
10,12,180,0.12,6558.71
2,8,480,0.16,564.722
9,11,60,0.16,4587.35
6,8,480,0.03,2654.66
9,13,360,0.13,4504.83
3,10,120,0.04,3047.96
1,3,600,0.12,1561.58
8,13,360,0.19,2809.3
4,7,420,0.11,709.999
11,13,720,0.19,7860.47
4,7,420,0.16,591.57
2,13,360,0.09,11.2733
4,12,300,0.14,135.671
2,9,420,0.01,2764.56
5,9,300,0.11,665
4,7,60,0.11,908.309
8,10,180,0.14,3106.5
4,5,180,0.01,2654.84
1,12,120,0.1,63.7022
7,11,420,0.03,2536.83
7,13,420,0.15,1688.7
8,11,360,0.13,2783.75
4,6,480,0.13,1032.9
6,8,120,0.09,1518.78
7,11,60,0.2,1772.27
1,13,240,0.1,11.7233
5,7,480,0.01,2638
3,9,420,0.02,2806.38
8,9,420,0.11,3426.18
6,10,540,0.19,460.283
3,11,360,0.12,11.7032
9,13,60,0.05,4606.9
1,6,540,0.06,2391.7
2,13,60,0.18,11.8181
8,12,240,0.15,2999.55
7,12,540,0.08,1763.33
7,10,480,0.14,1992.61
4,5,300,0.06,2288.11
7,12,180,0.02,2738.94
3,5,300,0.13,1326.67
5,11,300,0.09,1053.66
6,9,300,0.04,2706.64
2,4,480,0.12,1473.17
2,7,480,0.07,2217.57
11,13,240,0.2,7947.35
3,4,720,0.08,1861.8
4,8,720,0.04,2605.98
9,12,120,0.05,4633.57
6,9,600,0.13,562.968
9,12,540,0.19,4500.92
7,8,420,0.13,2085.89
11,13,480,0.17,8016.85
1,9,660,0.07,2183.38
2,13,540,0.02,2436.24
2,7,60,0.09,1706.04
8,13,540,0.08,2888.96
3,8,420,0.03,2822.46
1,11,600,0.02,2986
3,10,480,0.17,474.912
8,13,600,0.03,2805.34
2,10,240,0.15,569.166
8,13,660,0.16,2787.48
3,8,120,0.17,717.111
1,6,540,0.18,880.397
1,8,300,0.2,567.266
1,7,240,0.09,1591.91
3,12,240,0.17,136.533
12,13,240,0.13,10189.4
6,11,240,0.2,11.7286
2,13,480,0.02,2468.86
3,12,240,0.2,137.556
6,9,480,0.16,549.646
6,8,300,0.16,610.839
3,5,60,0.11,1803.93
3,9,420,0.07,2292.04
5,12,300,0.17,136.584
12,13,720,0.12,9990.48
4,9,480,0.08,1860.84
2,4,480,0.08,2051.82
1,4,540,0.08,2067.47
1,5,300,0.2,1097.75
5,10,660,0.19,450.403
6,11,60,0.07,2510.57
10,12,360,0.05,6367.77
1,7,240,0.05,2783.55
8,11,120,0.06,3046.28
3,10,180,0.05,2950.51
3,10,480,0.13,527.153
7,13,360,0.14,1684.38
9,11,360,0.2,4326.69
1,6,540,0.08,1941.91
4,5,120,0.1,1823.8
3,12,300,0.08,2131.57
8,10,600,0.17,3027.26
9,13,360,0.02,4223.54
5,8,120,0.05,2806.07
2,13,720,0.16,11.7849
7,12,720,0.17,1804.67
6,9,300,0.12,650.833
10,12,360,0.19,6314.51
1,11,420,0.12,11.6782
8,9,420,0.06,3372.11
4,10,420,0.15,511.775
3,12,180,0.1,114.553
2,12,360,0.11,132.311
5,13,300,0.09,11.3068
9,11,420,0.11,4506.2
1,7,480,0.09,1425.43
7,13,120,0.2,1682.6
5,12,600,0.1,131.927
1,5,540,0.12,1262.54
1,3,180,0.02,2618.66
3,9,120,0.19,651.315
9,11,420,0.2,4303.97
1,12,480,0.1,129.182
5,8,360,0.07,2164.88
2,8,240,0.15,640.712
6,10,660,0.05,2383.19
3,9,660,0.1,603.766
7,8,480,0.12,2094.75
2,5,240,0.05,2519.86
5,12,180,0.02,3028.42
2,6,180,0.11,1293.97
8,11,180,0.2,2791.66
4,12,360,0.05,3464.25
4,8,240,0.02,2791.97
1,3,300,0.16,1515.4
2,9,240,0.16,619.269
10,11,600,0.13,6256.39
3,8,60,0.18,800.178
8,13,660,0.14,2824.43
4,11,360,0.2,11.6575
2,12,300,0.02,3149.39
2,6,180,0.18,1101.4
6,10,300,0.19,491.077
5,8,300,0.01,2731
5,9,60,0.03,2971.85
2,6,480,0.04,2499.14
2,12,540,0.07,2782.32
3,4,60,0.2,1768.42
4,6,300,0.07,2207.53
5,8,300,0.18,584.678
2,9,600,0.06,2506.58
2,3,240,0.06,2360.21
2,6,540,0.09,1665.71
4,12,540,0.09,994.306
3,6,540,0.16,924.724
11,13,660,0.12,8138.26
2,3,360,0.02,2503.53
10,13,300,0.01,5819.69
8,12,600,0.19,2842.66
2,7,540,0.15,590.554
3,4,540,0.12,1462.91
3,13,300,0.2,11.8559
4,11,180,0.14,11.7046
6,8,420,0.11,669.747
1,3,480,0.04,2329.73
1,5,180,0.04,2550.52
2,8,600,0.09,1291.73
5,12,240,0.11,134.182
2,12,600,0.12,132.058
4,12,60,0.07,2838.36
6,12,660,0.01,2690.99
2,5,420,0.03,2464.85
4,12,480,0.2,136.063
9,11,180,0.06,4479.75
8,13,720,0.11,2852.55
3,13,420,0.06,10.9751
6,12,600,0.04,2743.09
4,5,540,0.09,1723.61
8,13,60,0.1,3025.41
1,12,60,0.05,3499.06
10,13,540,0.03,6069.53
1,10,360,0.04,3005.31
1,6,240,0.13,1133.85
9,12,420,0.09,4656.47
5,6,480,0.03,2435.26
8,12,180,0.08,3003.99
6,12,600,0.12,132.56
1,5,120,0.12,1610.44
1,11,600,0.19,11.4296
9,13,60,0.17,4551.69
9,10,360,0.17,4486.09
9,10,240,0.14,4577.67
5,12,360,0.03,2966.27
7,13,540,0.02,2261.39
2,4,420,0.09,1946.83
5,9,360,0.2,530.228
1,5,180,0.18,1357.14
3,8,60,0.07,2515.01
3,10,420,0.17,486.234
6,9,540,0.08,1689.06
9,10,720,0.08,4499.08
2,8,240,0.08,2060.93
6,8,600,0.17,543.589
6,12,120,0.2,139.156
10,13,660,0.11,6306.1
2,10,660,0.12,503.519
7,13,60,0.08,1666.24
2,13,600,0.06,10.9146
5,6,600,0.2,865.4
7,13,180,0.07,1674.18
7,13,480,0.11,1667.05
12,13,60,0.2,9941.62
5,12,240,0.12,134.402
4,13,660,0.08,10.7845
9,11,360,0.12,4504.69
4,6,360,0.01,2600.63
5,6,540,0.11,1119.4
2,4,420,0.17,1258.42
5,10,720,0.02,2689.78
7,11,480,0.14,1696.67
5,11,480,0.04,2793.69
4,11,360,0.02,2961.73
9,10,420,0.07,4553.06
1,10,120,0.16,598.6
9,10,60,0.15,4720.28
7,9,480,0.11,2044.64
6,7,300,0.07,2043.54
6,12,300,0.18,136.979
3,9,720,0.09,1194.23
2,6,480,0.01,2626.01
4,13,240,0.01,2727.39
6,7,660,0.18,556.921
2,3,300,0.02,2533.27
6,9,600,0.2,512.917
6,11,180,0.05,2842.24
8,9,660,0.01,3322.4
3,8,60,0.1,842.351
3,7,120,0.01,2755.87
1,3,180,0.14,1831.06
2,4,60,0.03,2648.17
2,6,300,0.05,2574.33
4,7,480,0.1,734.298
7,11,420,0.04,2336.95
4,10,720,0.05,2563.61
7,12,660,0.09,1729.03
11,13,720,0.05,8063.08
11,13,60,0.03,8103.11
4,12,600,0.01,2832.25
3,11,120,0.15,11.7058
4,10,720,0.02,2716.56
6,13,360,0.07,10.1344
3,8,300,0.05,2817.02
8,12,60,0.03,3462.52
3,5,540,0.06,2225.97
1,9,60,0.02,2965.6
11,12,120,0.09,8586.12
1,10,420,0.06,2795.69
1,12,240,0.08,2265.22
7,12,660,0.2,1803.14
10,11,180,0.09,6503.02
11,13,180,0.05,8267.81
1,11,720,0.02,2895.15
5,13,360,0.12,11.746
4,5,720,0.04,2304.98
1,9,60,0.17,738.561
4,12,600,0.09,948.641
3,6,120,0.17,1234.34
2,4,660,0.14,1338.6
12,13,240,0.11,10294.3
2,3,300,0.18,1460.47
2,6,540,0.1,1218.62
6,11,720,0.06,2172.68
12,13,540,0.09,10187.3
2,5,540,0.06,2285.38
8,13,300,0.18,2838.11
8,12,660,0.1,2951.62
4,8,120,0.09,1575.54
4,6,600,0.06,2198.14
2,13,420,0.13,11.7404
8,13,120,0.04,2939.91
5,11,420,0.07,2399.68
4,9,480,0.07,2176.02
2,10,180,0.07,2647.94
3,12,480,0.13,135.238
1,7,540,0.1,725.102
6,13,420,0.01,2583.18
4,11,540,0.13,11.6403
5,8,420,0.15,589.075
3,13,660,0.12,11.7315
3,12,540,0.02,2972.71
1,9,240,0.01,2821.54
6,7,720,0.1,703.611
4,8,240,0.01,2754.33
9,13,540,0.11,4542.49
4,5,180,0.17,1369.03
6,7,60,0.06,2474.78
1,8,240,0.17,615.657
3,6,480,0.17,910.03
8,9,660,0.07,3364.46
4,6,420,0.19,884.301
2,11,480,0.2,11.5969
2,3,660,0.12,1531
2,4,660,0.04,2304.43
3,4,480,0.1,1645.24
2,7,240,0.06,2680.42
7,12,600,0.09,1733.93
5,6,540,0.14,991.626
7,10,180,0.2,2028.81
7,10,60,0.13,2167.19
8,11,540,0.07,2756.19
6,7,240,0.04,2508.78
6,9,420,0.17,548.23
5,6,300,0.19,935.9
9,10,300,0.03,5018.4
2,3,540,0.08,2003.58
1,5,540,0.1,1535.13
3,10,720,0.19,445.181
8,9,480,0.05,3314.62
4,10,300,0.08,2076.1
9,11,600,0.14,4377.58
2,8,420,0.12,642.56
7,9,120,0.13,2200.61
3,12,720,0.11,128.87
5,9,720,0.03,2688.8
5,9,360,0.1,673.262
1,5,420,0.11,1369.74
12,13,300,0.17,9963.27
2,13,60,0.2,11.9231
7,9,60,0.02,2807.26
1,8,360,0.17,581.8
4,8,480,0.18,552.695
4,6,660,0.12,1044.94
1,6,120,0.05,2716.79
1,9,660,0.08,1846.82
6,13,300,0.2,11.8753
1,3,660,0.16,1390.67
2,7,720,0.06,2222.68
5,7,300,0.12,716.215
7,8,480,0.18,2109.64
4,11,420,0.02,2946.35
1,13,60,0.06,12.0758
5,12,660,0.17,134.862
1,3,180,0.15,1783.65
5,11,300,0.08,2082.5
6,10,720,0.12,512.251
7,12,240,0.14,1799.06
5,10,300,0.03,2916.55
9,11,720,0.07,4328.55
2,10,360,0.02,2964.42
3,5,180,0.04,2509.04
2,8,300,0.04,2893.75
1,12,420,0.05,3372.57
4,12,720,0.02,2781.37
1,10,660,0.16,459.145
4,8,240,0.14,660.17
6,9,660,0.13,556.513
10,11,420,0.1,6395.66
1,4,660,0.09,1857.57
5,8,420,0.19,553.057
7,9,480,0.14,2035.51
3,13,300,0.19,11.8344
4,10,660,0.19,448.294
1,3,240,0.16,1623.81
4,6,180,0.14,1178.97
7,9,540,0.04,2404.35
7,13,540,0.1,1659.49
12,13,600,0.19,9762.39
2,9,600,0.02,2746.51
2,5,300,0.04,2479.43
6,10,720,0.2,445.599
9,10,60,0.03,5189.63
6,7,120,0.12,817.722
7,11,600,0.08,1685.28
5,11,480,0.08,1872.73
1,4,420,0.08,2142.14
4,8,420,0.04,2767.82
3,4,720,0.18,1211.09
9,13,600,0.13,4484.66
1,10,660,0.01,2729.17
9,10,360,0.18,4472.97
5,7,120,0.03,2668.72
5,8,120,0.07,2319.79
1,10,600,0.17,458.213
5,10,480,0.07,2125.91
1,10,300,0.03,3072.23
10,11,240,0.08,6414.68
1,2,420,0.18,1458.97
2,7,180,0.12,769.647
1,10,420,0.2,458.217
4,10,420,0.16,497.495
9,10,660,0.17,4465.2
7,11,720,0.04,2208.57
2,10,180,0.19,560.309
1,7,240,0.03,2760.62
3,10,240,0.14,574.978
7,11,120,0.18,1708.41
2,8,240,0.1,751.277
4,8,600,0.06,2382.1
9,11,600,0.06,4336.48
6,7,360,0.12,699.614
3,11,540,0.13,11.646
7,10,480,0.09,2010.71
3,9,600,0.1,618.345
7,9,540,0.19,2042.22
1,4,420,0.06,2352.36
2,9,300,0.2,539.081
4,10,660,0.2,445.399
5,10,300,0.06,2593.43
2,5,600,0.06,2252.48
4,12,60,0.05,3267.76
7,12,480,0.07,1836.66
8,9,420,0.16,3290.54
7,11,480,0.13,1698.97
2,6,360,0.09,1795.7
6,7,720,0.09,1200.5
8,13,600,0.06,2902.89
10,13,720,0.1,6324.99
4,10,540,0.07,2153.58
1,7,600,0.07,2112.69
2,12,420,0.13,135.457
3,11,60,0.2,12.5553
7,10,420,0.19,1980.27
8,13,180,0.18,2873.66
1,12,300,0.13,137.531
4,12,360,0.16,136.114
1,8,360,0.13,647.396
7,11,660,0.06,1859.8
3,7,360,0.1,764.502
1,4,240,0.12,1654.43
10,13,660,0.14,6210.45
4,6,300,0.18,951.977
1,10,300,0.19,497.677
10,12,300,0.13,6508.7
6,8,360,0.01,2671.95
6,13,360,0.05,13.6775
10,11,180,0.2,6204.29
6,10,240,0.12,592.015
6,8,180,0.04,2716.19
1,10,240,0.01,2880.79
2,4,180,0.09,2225
7,8,720,0.01,2671.27
1,10,180,0.14,593.728
10,13,540,0.19,6087.43
1,8,360,0.2,556.265
3,6,240,0.05,2530.77
8,13,300,0.19,2826.23
3,5,120,0.07,2448.27
2,9,360,0.08,2049.81
4,5,120,0.18,1477.51
2,3,420,0.1,1753.71
3,12,420,0.12,135.053
11,12,300,0.17,8251.5
7,12,660,0.03,2345.31
10,11,60,0.08,6518.45
5,6,120,0.17,1221.71
5,6,420,0.19,888.047
2,8,360,0.06,2629.97
1,8,240,0.16,630.127
6,11,60,0.05,2886.94
7,11,240,0.13,1687.57
3,6,240,0.01,2645.52
6,9,480,0.12,602.554
4,6,540,0.08,1832.98
2,6,720,0.19,870.925
8,10,540,0.03,3277.91
4,12,540,0.16,135.527
5,8,180,0.12,726.184
2,10,660,0.07,2147.86
1,11,600,0.15,11.589
3,5,240,0.18,1239.17
6,9,240,0.1,715.167
1,6,480,0.02,2569.02
3,5,420,0.15,1178.36
12,13,60,0.15,10175.3
10,11,240,0.01,6563.8
4,9,240,0.08,2036.5
8,13,420,0.17,2815.68
8,13,240,0.15,2893.4
6,11,360,0.07,2351.3
6,11,660,0.05,2489.43
3,10,240,0.05,2914.37
3,9,600,0.08,1829.45
3,5,120,0.18,1485.55
5,8,600,0.01,2702.74
2,5,480,0.2,1050.44
3,8,60,0.11,825.206
1,11,660,0.16,11.4992
6,10,600,0.14,489.09
3,10,300,0.18,502.982
1,4,420,0.07,2263.87
11,12,540,0.14,8262.47
12,13,660,0.11,10057.1
7,8,540,0.06,2138.61
8,13,600,0.19,2735.41
1,4,600,0.07,2147.68
2,3,600,0.08,1978.57
3,10,120,0.03,3074.88
5,10,120,0.02,2919.01
1,3,240,0.12,1840.22
9,10,240,0.09,4597.16
4,13,420,0.02,2485.75
4,9,480,0.01,2754.05
3,7,480,0.15,597.663
7,8,480,0.1,2118.62
7,11,420,0.17,1687.03
5,6,600,0.06,2131.99
3,11,720,0.03,2830.4
3,11,120,0.09,1257.93
2,8,120,0.19,708.814
6,10,60,0.01,2874.09
2,9,720,0.07,2065.59
6,12,420,0.03,2842.74
2,11,300,0.18,11.7374
9,11,120,0.08,4581.81
8,13,180,0.09,2971.72
3,5,540,0.1,1490.88
6,12,540,0.08,1822.88
3,7,420,0.01,2688.39
2,4,60,0.08,2541.96
6,7,120,0.13,802.435
8,13,120,0.06,3001.29
5,7,240,0.12,740.241
1,9,240,0.04,3027.34
7,11,120,0.16,1708.32
6,7,240,0.11,757.274
7,9,60,0.12,2252.8
3,9,240,0.08,2092.79
3,7,120,0.11,845.227
7,13,600,0.17,1699.71
4,7,60,0.01,2765.54
1,12,300,0.16,136.085
4,11,540,0.03,2892.23
3,9,120,0.16,671.628
7,13,480,0.15,1685.53
6,13,420,0.19,11.8608
1,8,180,0.14,696.299
2,8,600,0.01,2731.87
4,5,540,0.17,1118.96
12,13,720,0.13,9952.29
8,10,600,0.08,3034.13
7,13,300,0.07,1647.56
3,10,420,0.11,563.817
4,7,720,0.01,2617.48
3,12,660,0.2,133.271
6,11,180,0.12,11.6278
1,7,120,0.02,2798.44
9,10,720,0.12,4532.13
4,8,300,0.07,2264.9
4,13,180,0.2,11.8555
10,13,360,0.14,6288.66
10,11,360,0.02,6352.53
1,6,300,0.1,1357.64
3,6,480,0.07,2172.52
1,10,600,0.19,447.047
7,12,180,0.15,1803.54
2,11,600,0.09,994.363
4,10,180,0.19,545.699
7,10,480,0.2,1967.96
1,7,180,0.03,2799.06
5,7,180,0.13,759.713
1,8,300,0.16,609.74
3,11,60,0.11,11.8612
3,8,60,0.2,793.83
7,10,360,0.03,2556.24
7,10,240,0.02,2693.55
6,10,120,0.02,2847.54
8,12,360,0.15,2973.68
4,6,480,0.07,2092.31
4,6,540,0.06,2237.76
9,12,600,0.07,4525.62
8,13,540,0.12,2871.09
1,10,60,0.18,637.234
4,13,120,0.12,11.7592
1,4,540,0.19,1187.04
8,10,60,0.19,3217.05
2,8,480,0.02,2743.45
8,10,60,0.11,3244.81
9,10,420,0.1,4575.35
10,13,540,0.12,6315.84
9,13,240,0.05,4552.4
1,3,240,0.19,1555.33
2,7,360,0.14,647.212
3,13,420,0.02,2495.13
12,13,720,0.1,10069.6
4,9,120,0.19,654.645
4,12,300,0.16,136.227
5,10,420,0.14,528.046
7,8,360,0.07,2090.5
3,8,60,0.13,816.073
5,7,480,0.1,728.357
3,12,480,0.04,3325.7
2,4,180,0.05,2511.28
4,13,420,0.12,11.7376
6,13,660,0.16,11.7965
8,10,240,0.15,3081.05
11,12,600,0.04,7940.83
3,13,540,0.1,11.7062
5,10,600,0.03,2743.73
3,7,240,0.19,627.17
5,8,60,0.17,802.346
4,11,600,0.05,2730.02
4,13,120,0.15,11.7763
1,6,600,0.1,1202.85
5,11,180,0.13,11.6696
2,3,540,0.09,1895.85
7,9,540,0.09,2010.14
3,6,420,0.07,2214.17
8,10,240,0.12,3104.1
8,9,60,0.15,3628.08
5,9,540,0.12,583.697
4,10,240,0.06,2733.62
5,9,360,0.14,596.181
10,13,300,0.03,6160.95
3,7,540,0.08,1834.4
9,12,660,0.13,4552.1
3,12,480,0.1,131.725
8,11,540,0.04,3176.57
3,10,660,0.01,2726.99
9,12,480,0.07,4584.78
2,8,660,0.13,580.11
4,12,360,0.09,1082.39
8,9,180,0.13,3511.27
8,11,60,0.15,2915.71
1,9,120,0.05,3038.26
3,13,180,0.08,10.729
4,11,240,0.16,11.7604
3,7,600,0.16,567.507
6,9,480,0.06,2256.86
1,9,120,0.1,774.114
1,2,420,0.03,2454.27
10,11,720,0.05,5995.07
8,9,180,0.1,3597.85
2,3,120,0.11,2118.44
2,8,120,0.02,2877.62
1,5,540,0.13,1227.11
7,8,300,0.15,2081.37
1,3,660,0.05,2239.5
5,9,120,0.16,685.803
1,11,180,0.02,3109.61
1,13,600,0.09,11.2861
11,12,600,0.11,8333.39
5,7,240,0.08,1892.18
3,11,180,0.15,11.7405
9,11,660,0.03,4681.76
1,8,720,0.2,527.197
8,9,240,0.04,3405.3
4,13,240,0.07,10.2058
2,3,600,0.03,2335.89
9,10,480,0.05,4863.87
12,13,420,0.1,10243
1,6,300,0.11,1196.41
7,13,180,0.2,1684.63
1,3,120,0.14,1958.4
1,8,120,0.07,2539.23
2,9,600,0.2,510.029
4,11,420,0.17,11.6678
3,12,300,0.2,137.241
10,13,660,0.03,6037.75
8,9,660,0.1,3409.85
2,4,540,0.15,1307.44
7,9,420,0.02,2608.52
1,7,660,0.1,697.257
3,6,60,0.02,2644.41
4,6,240,0.16,1059.39
1,8,300,0.06,2686.78
9,12,420,0.05,4541.31
6,10,720,0.09,1159.42
5,10,420,0.12,552.142
5,6,180,0.03,2509.14
9,12,540,0.08,4568.68
4,7,540,0.04,2544.75
4,10,540,0.19,454.778
1,6,120,0.03,2648.51
8,10,360,0.2,3008
1,9,360,0.2,526.248
2,7,600,0.09,1328.95
6,10,600,0.15,479.146
3,4,420,0.16,1293.57
7,11,600,0.01,2617.61
2,13,420,0.2,11.8571
2,5,240,0.2,1212.07
9,13,420,0.12,4516.49
4,13,660,0.13,11.7502
1,12,720,0.06,3065.44
1,2,600,0.1,1796.9
10,13,540,0.06,6311.55
6,8,600,0.11,628.345
2,11,60,0.05,3316.38
1,5,60,0.08,2545.97
6,11,720,0.07,1880.61
5,7,420,0.2,559.178
5,7,660,0.03,2498.08
8,12,480,0.16,2932.55
3,4,720,0.06,2083.43
1,3,420,0.19,1327.75
8,9,60,0.08,3732.03
3,12,720,0.15,132.364
3,8,660,0.11,615.113
10,13,420,0.14,6275.51
3,6,480,0.12,1076.74
3,4,420,0.15,1328.71
2,5,600,0.13,1214.74
1,5,720,0.04,2379.82
8,12,540,0.09,2942.24
3,12,300,0.11,133.221
9,13,240,0.13,4554.57
3,12,600,0.18,135.675
8,10,600,0.05,3245.28
5,11,360,0.06,2759.39
1,10,540,0.14,498.938
6,7,240,0.05,2467.67
3,8,660,0.01,2708.05
2,9,660,0.1,603.433
3,10,240,0.15,564.789
4,13,480,0.11,11.7262
2,3,540,0.04,2289.29
3,8,60,0.16,801.675
8,11,600,0.17,2690.59
1,2,240,0.07,2350.81
3,12,420,0.06,3248.61
5,13,60,0.06,11.5986
3,10,60,0.01,2937.42
2,9,720,0.17,514.233
1,9,180,0.2,579.884
1,6,540,0.01,2636.08
8,10,600,0.04,3252.54
4,5,240,0.11,1492.06
8,9,300,0.04,3368.12
9,13,720,0.04,4367.68
1,13,240,0.16,11.7681
2,5,120,0.11,1671.51
12,13,420,0.19,9834.08
4,12,180,0.08,2179.72
7,8,720,0.15,2106.69
6,8,360,0.12,660.532
3,13,360,0.09,11.2816
1,8,540,0.02,2719.53
12,13,300,0.15,10066.7
10,12,240,0.15,6454.34
5,9,120,0.2,657.427
5,10,60,0.02,2950.89
3,6,660,0.12,1036.25
9,10,300,0.18,4490.03
5,6,180,0.13,1206.24
1,5,540,0.18,1075.12
11,12,300,0.08,8504.19
7,13,60,0.18,1679.04
5,10,360,0.18,486.473
1,12,420,0.06,3207.77
5,13,120,0.16,11.7898
2,13,120,0.1,11.7147
10,13,480,0.18,6120.31
4,13,540,0.18,11.8335
2,4,540,0.07,2123.83
1,3,60,0.18,1959.9
5,10,300,0.01,2829.13
3,9,480,0.04,2834.41
2,5,720,0.03,2428.91
2,5,600,0.1,1488.97
1,2,540,0.19,1385.84
3,5,240,0.06,2402.23
5,8,420,0.2,546.986
4,8,120,0.18,717.364
1,13,720,0.04,1320.74
2,13,120,0.09,11.2286
3,7,240,0.1,798.988
2,3,60,0.15,2031.66
6,11,240,0.18,11.7372
4,10,180,0.18,560.742
2,10,60,0.19,634.355
1,8,180,0.13,707.413
7,11,540,0.15,1692.83
1,10,300,0.01,2865.63
5,9,420,0.02,2790.43
10,13,420,0.13,6315.32
2,9,360,0.07,2398.29
5,13,120,0.15,11.7809
2,9,540,0.07,2258.3
3,12,420,0.13,135.458
1,9,540,0.01,2724.58
1,12,600,0.06,3171.78
2,10,660,0.06,2446.67
5,8,720,0.12,583.358
2,7,540,0.19,558.154
6,9,420,0.08,1743.4
5,7,360,0.09,1373.54
5,13,720,0.2,11.6997
12,13,120,0.17,10029.4
2,11,300,0.08,2137.57
2,11,660,0.18,11.4031
3,10,600,0.09,1285.99
9,13,300,0.16,4440.39
2,4,120,0.11,1941.03
8,11,720,0.11,2804.97
8,9,300,0.16,3355.96
6,12,480,0.13,134.288
5,13,600,0.13,11.7574
9,10,420,0.11,4580.09
2,9,180,0.07,2523.53
2,10,240,0.16,560.704
1,5,420,0.1,1590.68
6,8,180,0.12,736.867
1,9,180,0.05,2995.59
1,11,420,0.09,1043.78
6,8,60,0.18,798.927
11,12,180,0.01,7879.61
3,11,240,0.07,2656.28
1,11,300,0.02,3065.2
1,9,420,0.1,665.768
5,7,420,0.12,684.33
4,13,60,0.11,11.7516
6,9,720,0.04,2533.3
7,8,420,0.06,2180.06
2,13,720,0.19,11.7267
3,7,540,0.02,2615.56
1,5,360,0.06,2476.62
5,7,60,0.01,2753.14
2,11,600,0.06,2764.11
9,13,600,0.11,4540.21
1,7,420,0.09,1463.93
8,13,120,0.08,2987.84
7,8,660,0.18,2140.71
1,4,720,0.01,2532.31
1,9,60,0.06,2954.46
3,10,300,0.06,2827.28
1,6,180,0.09,1946.92
1,10,600,0.06,2593.77
4,10,120,0.04,3008.08
3,11,660,0.14,11.5576
3,13,600,0.01,2641.28
3,9,540,0.05,2746.26
6,10,540,0.18,466.032
2,11,360,0.02,3030.58
2,7,60,0.05,2878.54
1,8,120,0.05,2982.21
1,9,420,0.08,2050.92
12,13,720,0.01,9180.65
4,9,480,0.17,536.869
1,9,120,0.01,2872.84
2,13,660,0.08,10.7566
3,4,420,0.12,1494.48
9,11,420,0.12,4481.37
7,10,540,0.09,1993.87
2,10,360,0.14,533.003
6,12,480,0.17,136.241
10,13,600,0.19,6090.05
1,2,540,0.02,2487.29
5,12,360,0.1,133.653
4,13,360,0.02,2520.81
5,9,420,0.15,565.794
5,12,540,0.18,135.674
6,13,480,0.02,2408.71
10,13,180,0.13,6380.78
1,2,660,0.13,1626.78
9,11,540,0.1,4477.2
7,12,360,0.13,1793.72
2,5,300,0.05,2490.18
2,13,240,0.19,11.826
9,12,120,0.2,4630.02
2,7,180,0.19,683.357
3,10,300,0.09,1495.12
4,9,180,0.17,623.295
1,13,480,0.05,13.6029
3,8,480,0.15,575.23
5,10,600,0.09,1230.23
2,7,120,0.05,2837.4
6,10,540,0.08,1705.51
6,7,180,0.14,740.445
1,4,480,0.18,1218.97
9,10,540,0.06,4677.14
6,9,60,0.18,745.679
5,11,360,0.13,11.679
7,9,720,0.13,2023.44
7,13,720,0.16,1695.18
2,12,120,0.04,3328.39
2,4,120,0.13,1820.07
3,11,660,0.2,11.4297
1,7,660,0.15,581.19
9,11,660,0.09,4419.22
1,4,420,0.01,2631.07
3,12,420,0.05,3438.84
4,8,240,0.19,594.095
12,13,60,0.03,10003.4
9,10,480,0.18,4458.57
2,6,180,0.08,2221.19
2,13,60,0.16,11.7966
2,8,360,0.11,680.383
3,13,720,0.02,2346.59
2,12,360,0.05,3402.07
1,3,240,0.13,1774.48
6,13,60,0.14,11.7922
1,6,420,0.1,1292.63
3,7,60,0.12,899.89
3,13,120,0.12,11.7553
4,7,120,0.17,776.936
10,13,600,0.16,6174.02
6,7,540,0.18,556.643
7,13,480,0.03,2139.72
5,7,600,0.02,2555.7
2,9,480,0.13,578.238
4,7,360,0.12,699.749
4,13,720,0.02,2335.38
6,7,540,0.07,1901.79
7,9,240,0.09,2125.76
9,10,720,0.19,4427.3
5,6,420,0.2,875.627
4,11,600,0.17,11.5136
6,11,300,0.1,11.6161
8,9,540,0.15,3284.62
2,8,480,0.2,542.048
7,12,480,0.17,1787.75
3,7,720,0.13,613.994
4,8,300,0.17,594.472
2,11,540,0.12,11.6436
5,10,660,0.17,460.372
1,11,240,0.2,11.7776
3,5,240,0.17,1255.38
4,13,120,0.06,11.4182
2,9,120,0.04,3055.95
7,11,600,0.1,1712.73
2,13,720,0.13,11.7382
6,11,720,0.16,11.4401
8,12,240,0.18,2972.35
3,9,240,0.18,580.384
8,11,420,0.06,2866.37
1,9,600,0.17,520.36
5,11,180,0.1,11.6119
1,3,60,0.04,2657.29
10,13,120,0.05,6397.74
1,4,660,0.16,1253.91
2,13,600,0.08,10.7734
3,4,60,0.03,2631.03
1,2,60,0.09,2536.63
5,8,300,0.13,658.332
6,13,540,0.01,2513.01
7,11,120,0.06,2046.42
7,9,600,0.2,2051.42
5,8,540,0.01,2716.65
5,12,660,0.13,132.484
4,8,120,0.15,730.527
6,7,300,0.04,2494.21
1,6,120,0.2,1222.73
1,13,600,0.18,11.8208
6,10,240,0.06,2512.77
5,8,420,0.01,2734.98
5,6,120,0.04,2509.55
4,13,480,0.15,11.7755
2,5,360,0.16,1169.35
2,9,660,0.07,2159.92
2,9,420,0.16,554.071
8,9,60,0.17,3619.05
2,11,420,0.17,11.6757
9,12,660,0.14,4547.85
2,10,120,0.18,585.821
3,13,360,0.05,13.698
7,10,720,0.09,1950.17
7,11,180,0.07,1840.2
4,9,600,0.06,2396.69
1,6,480,0.14,990.07
1,12,240,0.16,136.231
3,4,660,0.15,1300.55
7,11,120,0.11,1718.68
2,9,420,0.06,2615.92
5,11,660,0.01,2738.12
10,11,120,0.06,6260.5
4,8,120,0.08,2076.24
8,10,420,0.17,3025.37
9,10,300,0.1,4602.07
4,11,540,0.2,11.5319
9,13,540,0.14,4447.16
6,11,120,0.15,11.6966
7,11,240,0.16,1689.84
7,9,480,0.07,2045.58
10,12,600,0.03,6040.5
4,10,60,0.19,635.997
2,9,420,0.03,2905.17
3,9,180,0.19,595.21
4,10,660,0.04,2752.73
7,11,360,0.01,2740.53
6,11,600,0.11,11.6237
3,8,180,0.07,2392.93
6,11,600,0.19,11.4616
4,5,420,0.02,2505.37
5,10,480,0.03,2810.4
6,7,540,0.13,640.317
2,9,60,0.16,737.478
5,9,180,0.17,626.921
9,11,240,0.18,4415.23
1,13,300,0.04,1560.77
5,9,60,0.2,732.253
3,9,600,0.15,538.403
1,3,480,0.19,1315.29
4,9,300,0.08,2001.65
1,10,480,0.07,2444.59
2,3,660,0.13,1492.54
5,6,360,0.02,2499.05
5,6,420,0.13,1054.36
7,13,420,0.04,1913.29
2,4,600,0.12,1443.14
2,13,480,0.08,10.8093
3,7,420,0.12,683.041
4,11,540,0.01,2805.56
4,7,720,0.18,551.239
4,13,60,0.19,11.885
2,6,420,0.02,2556.75
8,13,540,0.16,2797.88
3,4,600,0.06,2136.91
2,10,720,0.06,2383.21
1,6,720,0.14,961.181
7,9,60,0.1,2261.53
3,12,420,0.04,3361.09
2,9,240,0.14,638.589
8,10,300,0.13,3086.69
8,11,120,0.18,2838.33
6,7,720,0.15,593.685
1,13,120,0.05,33.4422
4,7,420,0.17,576.974
4,8,240,0.16,631.13
9,13,480,0.05,4485.87
2,9,660,0.06,2456.11
5,6,300,0.1,1285.39
2,8,120,0.12,759.514
2,8,660,0.17,539.262
8,9,300,0.01,3428.71
2,9,120,0.06,2839.9
4,5,300,0.18,1158.79
9,11,120,0.14,4565.78
2,11,540,0.14,11.643
3,4,360,0.04,2383.42
4,7,540,0.18,557.904
9,12,240,0.17,4610.06
3,9,720,0.04,2713.07
4,7,180,0.06,2593.13
2,7,60,0.08,2229.25
1,2,480,0.11,1766.18
6,7,120,0.15,778.276
2,10,660,0.02,2797.79
5,11,540,0.17,11.5654
7,8,480,0.14,2083.35
8,12,540,0.01,3265.14
2,9,60,0.19,727.205
1,9,420,0.2,518.168
1,3,240,0.06,2407.71
7,11,600,0.15,1695.72
3,12,60,0.05,3339.69
1,12,360,0.04,3333.06
7,9,600,0.03,2496.88
1,8,480,0.18,550.88
1,13,300,0.08,10.8311
9,13,180,0.06,4612.63
8,10,540,0.01,3294.36
4,8,180,0.14,697.171
6,12,120,0.17,136.973
2,5,660,0.06,2220.09
2,12,540,0.19,136.497
2,4,180,0.02,2630.28
11,13,540,0.06,8168.11
1,3,540,0.13,1542.72
10,11,420,0.13,6343.88
2,9,480,0.01,2746.89
6,13,60,0.12,11.7804
5,9,180,0.18,610.851
6,9,720,0.13,551.06
4,9,180,0.12,682.946
7,12,540,0.19,1793.8
2,9,720,0.14,533.142
8,9,420,0.18,3235.77
2,10,480,0.2,451.504
2,11,600,0.02,2970.96
12,13,720,0.07,10013.7
12,13,540,0.19,9792.26
3,7,360,0.09,1447.66
6,9,300,0.11,672.239
3,9,480,0.1,655.839
1,8,300,0.03,2879.58
6,7,720,0.13,632.442
1,9,540,0.14,554.472
5,13,300,0.12,11.7509
10,12,720,0.13,6314.32
4,5,660,0.17,1110.97
1,3,60,0.19,1941.3
4,9,540,0.14,559.808
7,13,660,0.08,1582.84
5,10,420,0.16,496.914
3,6,360,0.17,944.219
1,4,360,0.2,1198.21
4,13,360,0.17,11.8041
2,7,420,0.07,2258.44
10,13,120,0.15,6347.61
10,12,180,0.14,6496.46
1,9,480,0.08,2004.31
9,10,120,0.11,4707.39
7,8,540,0.1,2121.86
1,12,660,0.17,133.611
6,7,360,0.06,2257.02
4,10,660,0.09,1215.45
1,9,120,0.06,2892.63
4,12,420,0.11,134.068
4,12,420,0.01,2924.78
5,6,300,0.11,1198.4
4,5,240,0.04,2440.86
4,11,240,0.18,11.7661
1,4,360,0.01,2653.49
7,8,420,0.08,2027.72
7,10,120,0.17,2083.37
10,11,300,0.16,6292.47
10,11,240,0.19,6200.33
4,5,60,0.11,1804.32
9,11,720,0.08,4362.77
5,13,660,0.08,10.7479
3,11,600,0.02,2918.16
5,9,540,0.16,540.994
12,13,480,0.08,10198.5
3,10,120,0.13,615.791
3,7,240,0.16,651.922
9,11,720,0.1,4424.12
7,13,360,0.02,2285.2
3,10,360,0.06,2768.8
1,4,120,0.1,2114.18
1,5,60,0.2,1574.72
2,8,60,0.05,3003.2
1,5,420,0.01,2638.43
2,6,60,0.05,2720.6
9,12,480,0.19,4508.24
7,9,360,0.01,2720.65
1,4,360,0.1,1763.29
4,13,660,0.15,11.7775
10,11,600,0.11,6299.93
8,10,420,0.2,3006.14
3,6,360,0.1,1273.23
1,2,660,0.14,1566.86
3,9,600,0.03,2829.22
8,13,60,0.07,3026.75
6,8,300,0.14,640.855
7,10,420,0.02,2619.19
5,8,120,0.18,722.965
1,7,180,0.09,1633.38
9,11,60,0.05,4699.61
2,5,600,0.17,1094.42
2,11,300,0.06,2992.98
2,3,720,0.17,1337.82
3,12,720,0.07,2550.01
8,10,420,0.09,3014.14
5,9,600,0.17,526.11
10,11,720,0.07,6125.23
2,8,600,0.07,2179.59
4,8,660,0.02,2698.95
2,10,600,0.13,498.833
8,13,360,0.07,2907.45
1,5,120,0.05,2635.87
1,13,180,0.08,10.8114
1,6,360,0.05,2569.8
4,11,360,0.17,11.7123
8,10,300,0.15,3070.66
4,7,660,0.1,695.273
4,6,660,0.07,1973.6
2,9,480,0.19,520.158
2,12,540,0.1,132.133
10,12,660,0.05,6216.62
4,12,540,0.05,3419.89
7,9,240,0.14,2124.34
10,13,180,0.07,6467.69
5,12,120,0.15,136.995
9,13,540,0.08,4539.61
6,9,420,0.07,2010.9
6,7,60,0.11,889.662
4,6,60,0.06,2535.72
5,13,480,0.17,11.8155
1,3,360,0.13,1640.25
5,13,360,0.07,10.1506
10,12,660,0.06,6333.79
9,13,60,0.08,4729.72
2,8,240,0.07,2383.55
9,10,600,0.07,4534.97
8,12,420,0.11,3000.53
5,9,120,0.12,712.139
4,12,180,0.07,2881.1
4,6,420,0.11,1149.33
6,10,720,0.04,2473.89
1,10,480,0.1,586.182
8,10,120,0.13,3170.64
5,8,60,0.13,818.896
8,12,420,0.19,2899.93
1,3,420,0.07,2206.08
2,13,120,0.18,11.8045
1,6,480,0.12,1074.7
9,12,600,0.2,4468.72
3,9,660,0.07,2105.92
3,5,600,0.12,1262.95
4,5,60,0.08,2352.47
1,10,660,0.03,2893.85
7,11,360,0.08,1698.88
8,12,600,0.1,2956.05
6,10,360,0.07,2120.58
3,12,120,0.2,138.826
3,12,180,0.02,3176.33
5,8,60,0.16,804.584
1,8,300,0.12,679.915
8,12,120,0.1,3078.64
4,13,120,0.19,11.8338
9,12,600,0.17,4523.48
5,13,120,0.04,1624.77
3,5,60,0.04,2597.06
3,6,180,0.13,1211.54
2,3,540,0.2,1290.63
1,11,540,0.2,11.4723
7,12,120,0.11,1813.26
3,11,600,0.05,2832.18
3,4,480,0.14,1368.29
3,8,420,0.16,575.327
3,8,360,0.18,569.005
4,5,240,0.02,2548.73
3,8,660,0.03,2702.48
1,3,480,0.09,1962.76
3,7,660,0.1,699.289
4,8,360,0.11,675.968
8,9,240,0.2,3300.22
3,13,660,0.2,11.7364
7,9,480,0.12,2037.27
2,10,120,0.1,672.475
1,8,300,0.09,1528.57
8,10,300,0.03,3384.11
2,11,240,0.12,11.6953
2,5,60,0.03,2620.71
3,13,720,0.1,11.5833
7,10,600,0.06,2070.06
3,6,360,0.12,1119.45
1,11,660,0.1,12.3381
10,13,120,0.09,6538.65
2,13,360,0.2,11.8535
4,5,180,0.02,2571.1
1,11,60,0.06,3219.34
5,11,300,0.03,2933.78
3,10,540,0.18,460.049
5,8,120,0.02,2801.07
1,4,240,0.19,1401.03
8,9,60,0.14,3634.45
1,8,420,0.18,558.834
3,6,180,0.06,2547.86
2,11,180,0.04,3204.92
2,9,240,0.03,2952.45
3,6,540,0.18,883.093
2,3,360,0.11,1737.57
1,9,180,0.07,2587.36
1,7,120,0.12,820.453
2,10,540,0.17,466.585
1,2,720,0.16,1460.38
8,11,60,0.07,2987.71
7,11,240,0.15,1689.05
7,13,420,0.14,1684.07
9,13,480,0.19,4327.69
5,13,300,0.1,11.7324
8,12,240,0.05,3025.45
3,6,120,0.16,1251.59
3,13,360,0.01,2716.58
2,8,360,0.03,2867.45
4,5,720,0.19,1070.76
4,5,240,0.03,2480.71
2,5,360,0.08,2134.92
3,11,120,0.05,3228.38
5,12,540,0.02,2833.48
7,10,660,0.16,1969.98
4,13,420,0.06,11.0059
6,7,60,0.08,1937.88
9,13,300,0.02,4246.44
10,13,600,0.13,6256.6
3,5,120,0.09,2120.08
3,9,180,0.15,646.271
5,11,540,0.2,11.5278
7,12,120,0.17,1811
5,9,600,0.1,619.757
7,8,120,0.1,2233.5
2,5,420,0.01,2625.47
3,7,720,0.18,552.503
3,12,300,0.14,135.947
2,13,360,0.02,2536.55
1,7,60,0.03,2862.73
7,13,60,0.15,1675.59
2,4,660,0.05,2242.98
1,10,240,0.19,530.437
11,12,360,0.01,7766.45
1,12,300,0.11,124.835
3,13,240,0.19,11.8321
9,11,240,0.05,4544.94
11,12,480,0.11,8390.04
7,11,240,0.04,2431.97
1,2,660,0.09,1953
3,9,720,0.2,504.292
3,11,540,0.03,2939.42
5,7,660,0.13,621.654
11,13,540,0.01,7441.05
10,13,420,0.12,6355.55
6,13,420,0.04,1299.42
6,8,240,0.15,649.174
1,8,600,0.17,547.767
2,3,420,0.15,1476.97
11,13,720,0.18,7891.09
1,2,720,0.2,1336.52
2,13,420,0.12,11.7319
2,5,660,0.03,2438.35
7,11,360,0.14,1692.65
11,12,240,0.17,8262.35
7,12,60,0.13,1831.55
3,6,600,0.04,2431.18
4,12,720,0.17,134.221
1,12,360,0.15,135.682
9,13,120,0.18,4474.82
3,10,360,0.01,2832.56
1,13,120,0.03,2320.14
6,7,660,0.05,2240.32
1,9,600,0.2,508.759
1,7,300,0.15,641.401
8,12,540,0.2,2836.28
8,13,420,0.03,2832.52
10,12,660,0.13,6343.88
3,12,600,0.15,133.834
2,13,120,0.07,10.3671
2,13,60,0.12,11.7581
3,6,720,0.07,1973.22
3,10,240,0.16,556.063
7,11,600,0.14,1702.91
3,13,540,0.04,1330.35
6,12,120,0.03,2950.94
8,11,660,0.2,2672.68
2,7,600,0.16,569.225
10,12,660,0.12,6372.23
7,10,540,0.19,1964.27
8,13,120,0.2,2868.85
3,5,360,0.02,2524.32
4,6,300,0.04,2470
1,12,300,0.06,3218.38
5,10,240,0.2,494.455
1,11,600,0.13,11.6344
8,10,60,0.15,3210.4
9,12,720,0.16,4513.94
7,8,660,0.1,2121.87
12,13,300,0.07,10254.5
1,9,600,0.07,2268.28
5,9,540,0.1,639.547
2,5,420,0.12,1310.18
6,10,660,0.04,2522.74
3,6,600,0.08,1828.92
10,11,600,0.14,6221.18
1,2,360,0.11,1845.99
9,11,660,0.2,4224.99
3,8,540,0.02,2729.54
1,4,60,0.03,2665.05
4,6,120,0.02,2604.44
1,8,540,0.09,1363.72
1,12,720,0.03,2925.51
6,8,420,0.16,579.275
4,7,660,0.2,547.86
3,5,540,0.16,1130.05
5,10,660,0.1,565.431
6,13,240,0.01,2635.41
10,13,120,0.18,6242.42
4,8,300,0.04,2805.16
3,7,60,0.1,924.428
2,13,540,0.01,2683.31
4,13,180,0.17,11.7996
3,6,600,0.17,899.879
5,11,120,0.01,2968.92
1,13,540,0.17,11.7946
3,10,600,0.13,499.887
4,7,540,0.14,608.057
4,5,660,0.12,1262.44
2,9,60,0.06,2897.44
5,13,300,0.04,1417.64
3,9,360,0.12,631.763
1,6,420,0.07,2291.59
2,11,240,0.2,11.7648
4,13,540,0.05,12.937
4,8,300,0.11,696.074
2,3,600,0.01,2500.89
8,9,180,0.14,3491.49
5,6,540,0.08,1792.84
6,12,360,0.2,135.702
8,9,120,0.07,3594.35
7,9,60,0.01,2849.16
1,8,420,0.01,2777.92
7,11,300,0.07,1774.55
1,9,240,0.13,652.282
8,13,480,0.06,2919.02
4,5,600,0.08,1848.25
1,4,660,0.1,1610.32
1,3,60,0.03,2681.29
2,4,120,0.05,2553.04
3,9,360,0.06,2606.65
6,9,120,0.08,1966.64
9,11,480,0.19,4308.88
6,12,480,0.09,937.218
2,6,120,0.16,1245.03
9,10,660,0.09,4523.25
8,13,360,0.16,2844.39
1,3,180,0.1,2124.53
8,10,120,0.17,3142.32
1,7,420,0.11,713.339
4,9,660,0.2,507.191
5,10,540,0.1,575.01
10,11,720,0.19,5981.5
5,10,240,0.05,2814.61
7,13,240,0.01,2466.15
2,11,360,0.11,11.696
1,8,300,0.17,596.56
6,12,240,0.11,133.843
2,4,720,0.04,2289.81
8,10,60,0.1,3244.73
9,13,540,0.17,4366.49
1,12,240,0.02,3236.99
8,9,600,0.18,3180.13
8,10,480,0.05,3283.76
4,9,60,0.15,742.034
1,13,60,0.07,10.6024
1,13,420,0.1,11.6248
8,13,600,0.02,2808.16
12,13,420,0.03,9845.77
10,12,480,0.11,6493.64
6,7,720,0.17,566.205
4,9,180,0.04,2933.47
12,13,300,0.12,10221.1
6,8,60,0.16,803.166
4,5,480,0.18,1102.09
5,6,120,0.18,1211.78
6,7,180,0.13,759.295
6,12,600,0.16,134.987
3,6,660,0.03,2446.2
6,10,480,0.18,469.94
4,10,300,0.1,616.482
4,11,360,0.1,11.6656
6,7,420,0.05,2387.5
8,9,180,0.05,3487.16
5,13,660,0.01,2507.39
4,6,180,0.18,1108.58
3,12,180,0.16,136.429
9,11,540,0.01,4713.08
5,7,120,0.01,2718.29
4,13,120,0.16,11.784
4,12,480,0.11,133.889
4,10,360,0.11,576.836
8,13,480,0.19,2775.44
4,12,720,0.14,131.821
5,11,420,0.06,2688.05
5,13,420,0.03,2054.53
4,10,420,0.11,566.154
8,13,120,0.18,2891.75
3,11,180,0.02,3065.7
5,12,180,0.13,134.79
11,12,720,0.14,8174.3
2,6,720,0.06,2202.69
3,5,240,0.16,1279.58
3,11,180,0.12,11.6794
5,10,180,0.12,609.87
4,11,300,0.1,11.642
1,10,660,0.18,448.421
4,7,300,0.08,1913.27
7,11,480,0.11,1703.02
2,5,480,0.12,1288.58
9,12,720,0.02,4483.69
10,11,240,0.14,6370.75
7,12,60,0.1,1828.88
1,11,60,0.19,12.3617
7,12,180,0.05,2422.75
4,12,480,0.12,134.155
2,5,480,0.16,1134.81
2,6,660,0.01,2619.67
4,11,420,0.09,973.417
4,13,60,0.05,29.9929
5,7,420,0.01,2640.98
6,12,540,0.04,2859.06
7,10,720,0.08,1953.21
8,12,300,0.18,2953.97
6,12,240,0.15,135.734
4,10,240,0.05,2863.51
3,10,540,0.13,517.235
3,13,660,0.16,11.7919
9,12,720,0.09,4538.52
7,12,720,0.09,1728.74
10,13,540,0.04,6218.94
6,8,300,0.2,569.186
9,13,600,0.06,4480.66
8,9,180,0.07,3524.48
8,13,720,0.05,2912.78
2,11,480,0.18,11.6119
2,10,360,0.05,2876.59
1,7,540,0.11,690.866
2,12,660,0.2,132.706
5,9,660,0.1,608.423
5,11,420,0.11,11.6441
4,8,720,0.05,2509.92
4,10,360,0.15,527.157
4,5,300,0.1,1597.31
7,12,360,0.2,1794.03
3,9,660,0.18,514.74
6,12,180,0.14,134.991
5,13,120,0.06,11.3498
1,5,120,0.09,2227.66
11,13,600,0.13,8123.23
3,11,60,0.16,11.9257
6,10,180,0.15,580.414
8,12,60,0.07,3025.32
5,9,420,0.03,2794.93
3,13,180,0.11,11.741
1,9,240,0.2,555.628
4,13,660,0.1,11.7107
1,6,660,0.03,2473.2
3,6,420,0.13,1053.64
2,3,300,0.19,1443.24
5,8,60,0.05,2848.9
4,12,300,0.04,3343.23
2,10,480,0.17,475.356
5,10,420,0.06,2508.38
2,12,420,0.11,132.867
1,2,240,0.03,2540.44
3,12,120,0.08,2272.15
3,11,360,0.08,2065.82
8,13,420,0.08,2901.98
1,10,180,0.12,609.559
3,13,720,0.16,11.7803
2,3,660,0.11,1578.37
11,13,300,0.11,8326.04
5,10,480,0.2,456.224
1,6,660,0.13,993.453
11,13,300,0.15,8139.78
5,12,720,0.03,2681.9
1,5,420,0.13,1267.41
2,8,480,0.03,2816.94
3,13,480,0.17,11.8024
4,7,600,0.07,1987.44
3,5,660,0.05,2274.86
2,12,540,0.03,3025.29
3,4,720,0.13,1381.38
8,10,600,0.19,3005.74
6,8,420,0.2,548.099
1,7,720,0.13,613.535
7,12,660,0.05,2197.74
6,9,660,0.1,607.456
1,9,360,0.04,2984.14
4,11,660,0.03,2818.81
1,11,240,0.12,11.6973
2,9,420,0.17,542.577
5,12,720,0.07,2180.35
2,5,480,0.03,2455.96
7,11,480,0.02,2594.25
5,7,180,0.02,2647.16
1,10,720,0.13,477.298
2,13,360,0.15,11.7615
5,10,540,0.13,517.748
6,8,540,0.08,1684.85
7,10,420,0.08,2044.89
2,3,420,0.13,1574.18
10,11,300,0.08,6389.99
10,11,120,0.2,6267.09
2,3,300,0.1,1879.98
2,8,120,0.13,748.579
1,8,720,0.16,539.839
6,12,660,0.16,134.54
1,6,360,0.16,965.972
9,12,660,0.11,4559.77
5,13,540,0.04,1259.02
4,10,60,0.14,637.57
1,9,420,0.13,599.414
8,9,120,0.1,3666.37
4,7,600,0.14,602.05
2,10,360,0.18,489.12
8,13,720,0.12,2837.33
1,5,540,0.07,2220.45
4,6,480,0.09,1623.21
4,10,240,0.2,496.025
1,8,240,0.2,582.012
5,13,60,0.17,11.8305
2,9,420,0.07,2350.5
11,13,360,0.14,8168.67
1,12,360,0.02,3164.04
11,13,120,0.02,7892.1
2,6,300,0.06,2534.12
4,10,540,0.01,2771.74
9,12,120,0.14,4704.07
6,10,480,0.09,1284.56
2,11,180,0.19,11.803
8,10,660,0.1,3058.98
2,3,720,0.01,2470.4
1,13,660,0.1,11.549
7,8,420,0.09,2067.8
3,4,360,0.03,2435.43
5,10,60,0.14,646.178
3,5,480,0.07,2143.79
6,13,660,0.13,11.7588
9,13,60,0.1,4765.29
10,12,360,0.11,6552.19
8,10,420,0.07,3159.69
8,9,420,0.19,3214.28
1,6,360,0.04,2571.22
6,12,420,0.16,136.121
5,7,480,0.17,563.644
2,12,600,0.19,135.33
7,11,720,0.1,1735.12
1,6,420,0.11,1144.3
7,13,240,0.19,1686.32
2,6,420,0.04,2521.81
6,8,660,0.19,532.806
7,12,60,0.02,2809.7
11,13,480,0.05,8166.06
1,4,300,0.03,2533.5
2,7,420,0.04,2704.27
5,6,240,0.11,1227.03
2,11,660,0.04,2822.66
3,4,180,0.1,1915.27
2,5,60,0.16,1632.99
3,10,600,0.18,454.156
7,11,180,0.19,1694.78
1,6,600,0.09,1613.47
12,13,480,0.1,10206.7
7,10,420,0.13,2012.8
8,9,600,0.12,3344.59
11,12,660,0.14,8206.28
2,6,720,0.07,2010
6,8,660,0.02,2611.09
5,13,660,0.19,11.7311
5,11,120,0.03,3018.44
2,7,600,0.13,625.219
6,8,480,0.07,2033.84
2,4,300,0.07,2311.38
2,8,180,0.04,2951.53
1,2,180,0.08,2364.05
7,11,660,0.18,1697.48
4,10,540,0.13,517.961
4,12,120,0.18,137.862
4,10,420,0.01,2803.03
7,13,360,0.06,1751.88
4,7,480,0.16,578.229
11,12,120,0.16,8355.72
3,9,360,0.15,581.843
5,12,60,0.02,3085.84
2,8,540,0.05,2762.9
1,13,480,0.15,11.7577
8,9,600,0.08,3409.95
3,5,420,0.19,1076.5
2,11,180,0.09,1225.31
4,7,720,0.09,1237.76
3,10,480,0.14,512.172
9,12,240,0.14,4655.08
9,12,60,0.18,4713.41
4,9,480,0.05,2723.46
6,12,180,0.07,2797.71
1,2,660,0.15,1512.45
2,9,300,0.09,1551.26
4,12,420,0.03,3001.97
2,4,360,0.18,1249.9
6,7,540,0.17,565.115
5,11,720,0.09,848.855
3,5,120,0.04,2552.93
1,7,540,0.03,2602.39
9,13,480,0.01,4167.94
1,10,480,0.05,2848.57
10,12,60,0.17,6518.88
6,11,540,0.06,2341.75
6,11,120,0.08,2162.22
1,9,60,0.18,735.897
4,5,360,0.15,1208.84
4,7,180,0.11,794.329
2,10,540,0.15,484.752
2,10,120,0.09,1683.56
8,12,660,0.07,2868.7
1,2,480,0.1,1830.4
9,13,60,0.15,4609.39
11,12,120,0.14,8433.61
8,9,240,0.18,3344.29
9,10,420,0.03,4966.54
3,9,180,0.04,2977.22
2,7,420,0.19,572.12
4,5,300,0.08,2040.26
2,5,540,0.01,2620.01
3,6,360,0.08,2016.14
9,13,360,0.1,4610.89
3,13,180,0.16,11.7787
3,10,600,0.17,460.974
5,12,540,0.07,2699.31
3,8,720,0.08,1681.76
3,9,240,0.15,628.07
6,8,480,0.19,545.991
9,12,240,0.01,4749.9
3,6,300,0.15,1035.16
2,8,420,0.06,2607.46
7,11,420,0.11,1701.08
3,10,60,0.16,628.891
3,4,600,0.09,1803.46
6,12,360,0.12,133.88
6,10,540,0.05,2486.9
3,6,120,0.07,2473.68
5,10,720,0.07,1928.78
5,7,720,0.01,2600.95
5,11,240,0.03,2961.7
2,5,480,0.09,1804.25
4,5,420,0.19,1086.07
1,8,600,0.01,2730.28
1,6,600,0.11,1085.42
5,8,240,0.04,2777.62
6,13,120,0.12,11.7707
3,7,540,0.01,2681.02
2,12,480,0.18,136.383
4,9,240,0.18,577.3
7,8,540,0.03,2536.87
6,11,360,0.11,11.6477
2,6,600,0.06,2315.91
2,11,480,0.11,11.6664
2,3,720,0.04,2259.18
6,11,180,0.01,2896.84
6,11,120,0.1,11.7117
7,9,360,0.19,2060.14
1,12,120,0.03,3283.04
1,7,120,0.01,2811.54
1,3,480,0.08,2069.46
3,6,300,0.18,948.211
5,8,180,0.08,1937.63
3,9,300,0.01,2800.35
5,8,240,0.07,2218.53
4,7,60,0.16,867.469
8,9,660,0.16,3235.28
3,11,540,0.09,978.482
6,8,660,0.01,2634.11
9,10,660,0.2,4407.49
8,11,240,0.02,3414.73
11,12,420,0.18,8186.48
3,4,120,0.19,1648.23
11,12,420,0.03,7873.67
1,5,420,0.14,1215.74
4,9,480,0.13,579.313
6,7,240,0.2,636.045
2,11,600,0.08,1904.58
1,2,120,0.19,1945.81
1,8,240,0.18,603.206
3,9,480,0.17,534.888
2,5,60,0.18,1604.72
1,11,360,0.18,11.7111
2,5,300,0.02,2560.85
3,5,720,0.12,1244.42
2,10,480,0.08,2034.51
3,11,60,0.15,11.8828
8,13,540,0.02,2821.47
4,12,720,0.1,130.202
1,4,300,0.14,1455.8
6,7,480,0.1,730.605
6,12,240,0.13,134.442
6,13,360,0.01,2601.59
2,5,240,0.09,2035.76
6,8,300,0.19,578.26
2,8,240,0.01,2821.13
5,7,660,0.02,2534.76
6,12,660,0.06,2680.04
2,7,600,0.01,2682.63
4,12,60,0.04,3190.63
6,13,540,0.08,10.7011
7,8,540,0.09,2048.17
3,13,180,0.13,11.7615
3,6,60,0.19,1355.17
2,7,480,0.18,567.315
2,5,660,0.12,1240.16
2,11,180,0.05,3311.2
1,11,480,0.02,3021.13
5,8,180,0.17,668.252
6,13,60,0.06,11.7487
1,5,600,0.11,1306.84
1,5,660,0.11,1295.04
9,10,540,0.04,4935.51
7,11,480,0.1,1706.5
5,11,360,0.11,11.6601
12,13,300,0.04,10062.1
11,12,180,0.18,8240.58
2,7,360,0.05,2698.25
3,6,120,0.11,1370.86
6,10,480,0.06,2325.86
9,10,240,0.03,5049.55
2,13,540,0.07,10.061
5,10,660,0.12,511.303
2,12,120,0.11,107.469
1,13,360,0.03,2138.34
1,8,120,0.09,1664.72
3,10,660,0.07,2074.92
1,7,60,0.06,2863.98
7,13,480,0.09,1619.99
2,4,240,0.13,1583.17
3,9,180,0.05,2895.37
8,11,240,0.14,2799.64
4,11,300,0.18,11.74
8,13,180,0.08,2963.72
1,3,600,0.13,1523.26
8,9,720,0.14,3294.54
8,13,540,0.04,2870.01
5,6,600,0.08,1760.24
3,9,60,0.07,2570.69
6,9,600,0.12,574.762
2,6,600,0.11,1088.56
8,13,720,0.13,2824.13
7,12,60,0.08,1815.63
2,10,300,0.08,2172.85
3,6,240,0.09,1830.56
4,9,600,0.1,617.829
3,9,240,0.11,683.944
2,8,60,0.17,804.63
1,7,300,0.18,601.689
1,11,300,0.15,11.7202
5,8,600,0.1,652.929
6,9,120,0.15,695.495
2,12,660,0.1,133.203
5,8,360,0.06,2458.07
9,12,300,0.18,4579.01
3,9,360,0.18,545.006
11,12,60,0.11,8603.59
8,12,60,0.1,3109.21
6,12,120,0.13,135.553
8,10,360,0.03,3352.23
1,6,600,0.08,1884.22
1,6,300,0.15,1020.16
5,7,300,0.05,2531.29
2,11,60,0.08,2316.61
5,13,540,0.02,2401.62
5,12,120,0.2,138.835
2,3,360,0.19,1367.43
1,13,360,0.05,15.1748
11,12,720,0.18,8023.73
7,10,120,0.04,2528.46
2,4,60,0.04,2628.19
10,11,60,0.03,6478.52
4,8,60,0.09,1600.85
7,11,240,0.01,2814.61
1,2,420,0.11,1800.64
3,9,540,0.19,518.201
5,7,540,0.17,557.918
10,12,480,0.08,6481.74
6,12,720,0.09,768.501
4,11,660,0.01,2752.15
7,9,660,0.17,2051.27
3,12,180,0.05,3450.78
3,9,660,0.12,568.784
1,12,600,0.02,3012.9
2,4,360,0.08,2122.42
2,9,180,0.01,2839.94
5,7,600,0.11,668.552
4,12,120,0.13,138.962
1,4,300,0.16,1367.62
6,12,180,0.04,2960.64
8,12,180,0.14,3018.39
8,13,660,0.02,2803.86
3,13,300,0.05,14.6139
1,4,360,0.04,2462.14
7,10,720,0.17,1947.3
8,13,60,0.11,3004.62
2,3,300,0.14,1616.62
3,4,540,0.03,2376.18
4,7,600,0.04,2519.54
1,9,540,0.16,532.478
5,10,420,0.19,468.847
6,11,300,0.15,11.6964
6,12,60,0.17,140.117
10,11,420,0.04,6121.67
1,10,660,0.05,2712.72
5,9,600,0.12,574.574
5,9,480,0.01,2760.91
8,12,360,0.03,3278.1
4,13,180,0.02,2611.63
4,7,480,0.09,1340.13
7,10,600,0.1,1996.27
6,7,60,0.2,851.931
5,12,480,0.12,133.896
8,11,180,0.14,2822.47
3,4,660,0.08,1889.49
4,8,120,0.03,2903.33
1,2,180,0.02,2645.18
2,11,720,0.09,992.888
1,8,180,0.17,648.909
7,10,60,0.03,2703.8
3,10,480,0.06,2615.57
2,11,600,0.14,11.6172
7,9,660,0.15,2034.99
5,7,180,0.09,1507.13
6,8,360,0.03,2693.4
3,4,300,0.07,2249.82
6,8,240,0.03,2726.14
7,13,720,0.01,2334.94
6,7,360,0.03,2498.74
5,6,360,0.12,1117.07
7,11,300,0.18,1691.19
1,12,60,0.02,3334.25
4,6,660,0.11,1090.59
8,13,180,0.12,2950.45
4,13,120,0.08,10.6583
8,12,660,0.03,3133.69
11,12,240,0.08,8528.84
3,8,120,0.11,773.811
8,12,720,0.12,2926.3
3,10,720,0.16,456.973
3,12,660,0.05,3321.53
8,9,300,0.05,3386.13
5,6,360,0.09,1657.05
3,11,660,0.18,11.4172
2,10,120,0.08,2312.03
1,12,240,0.12,132.376
6,11,420,0.2,11.6157
5,6,360,0.03,2447.31
6,11,660,0.12,11.6167
5,6,240,0.16,1053.29
4,12,600,0.08,1849.39
1,12,120,0.11,89.2103
10,13,300,0.05,6348.21
1,2,120,0.05,2571.42
3,8,120,0.01,2817.72
2,6,300,0.13,1098.03
9,13,720,0.01,4147.08
4,5,720,0.08,1805.59
5,13,420,0.2,11.877
7,11,240,0.09,1666.19
2,11,180,0.06,3075.8
1,11,720,0.17,11.3644
6,13,180,0.16,11.798
7,8,240,0.1,2159.81
9,12,540,0.12,4581.06
3,6,660,0.17,899.357
2,6,300,0.08,2112.17
8,11,540,0.16,2722.05
8,10,720,0.02,3239.28
3,13,600,0.16,11.7885
6,12,180,0.01,2889.69
3,5,480,0.18,1089.45
5,13,180,0.15,11.7773
5,10,420,0.2,464.025
1,10,420,0.08,2106.77
2,13,660,0.02,2374.98
2,11,480,0.09,1000.52
2,7,540,0.04,2626.03
11,13,720,0.11,8152.23
10,11,720,0.16,6088.47
2,10,300,0.18,506.951
2,13,720,0.01,2621.57
4,9,60,0.11,767.871
2,5,240,0.03,2522.03
3,11,180,0.18,11.7975
1,3,540,0.04,2307.99
11,13,180,0.18,8041.46
6,9,60,0.01,2812.22
6,12,660,0.04,2604.25
2,12,540,0.02,3009.61
4,6,480,0.17,912.419
3,6,180,0.05,2564.52
7,13,300,0.03,2161.92
6,8,60,0.2,799.405
4,5,60,0.07,2430.8
3,7,480,0.08,1872.03
2,4,720,0.09,1790.25
7,11,480,0.09,1666.85
4,9,660,0.01,2716.65
1,3,180,0.04,2524.67
9,10,600,0.16,4481.26
6,8,480,0.13,611.769
6,9,240,0.2,554.945
2,6,180,0.13,1203.94
5,7,480,0.11,689.43
7,10,300,0.15,2018.31
9,12,60,0.12,4791.74
1,4,120,0.17,1694.17
2,11,420,0.15,11.6769
3,5,660,0.15,1135.45
6,11,60,0.17,12.121
7,12,720,0.14,1797.65
7,10,360,0.13,2025.32
3,6,120,0.13,1307.76
3,12,300,0.03,3119.49
1,2,360,0.14,1663.69
3,12,720,0.12,129.84
6,8,420,0.05,2555.21
5,8,540,0.17,547.785
11,12,300,0.04,8076.54
8,10,540,0.18,3015.77
7,13,540,0.16,1692.47
1,9,540,0.06,2597.49
3,7,420,0.04,2673.13
1,6,60,0.13,1416.75
1,10,540,0.03,3001.23
8,10,720,0.04,3220.25
11,12,720,0.12,8238.99
3,12,180,0.11,130.794
3,11,420,0.18,11.6472
10,13,300,0.16,6224.59
5,6,180,0.09,1772.22
7,13,420,0.16,1692.54
4,13,540,0.08,10.7673
7,9,300,0.14,2103.18
4,7,300,0.1,775.757
8,13,360,0.03,2834.77
4,9,300,0.09,1496.08
5,13,420,0.08,10.713
2,12,60,0.01,3118.31
4,8,660,0.01,2702.19
7,13,120,0.01,2505.26
3,11,60,0.19,12.3809
5,13,420,0.05,13.2241
1,7,720,0.15,577.593
3,10,420,0.02,2912.26
4,10,60,0.06,2843.7
3,13,120,0.02,2661.74
5,11,240,0.14,11.7201
6,8,300,0.11,712.39
7,13,660,0.1,1663.5
8,12,300,0.16,2977.01
3,13,720,0.06,10.9401
4,12,540,0.08,1916.34
2,6,420,0.18,900.365
9,11,300,0.09,4551.14
5,6,480,0.02,2488.88
10,12,660,0.09,6419.38
1,3,660,0.08,1985.15
5,7,420,0.05,2473.27
3,5,300,0.08,2122.61
8,13,720,0.02,2803.22
8,10,300,0.12,3089.69
3,13,180,0.1,11.7298
7,8,720,0.04,2371.86
10,11,660,0.19,6008.94
1,7,360,0.14,647.683
5,12,60,0.2,143.714
7,8,420,0.01,2738.04
5,9,660,0.13,559.3
1,4,360,0.08,2209.53
2,5,660,0.2,1041.98
2,5,660,0.15,1131.41
4,13,540,0.15,11.7749
4,7,720,0.06,2115.66
1,7,600,0.19,555.017
3,7,720,0.08,1677.92
3,5,120,0.08,2328.42
2,3,120,0.02,2632.98
3,4,540,0.16,1275.99
3,10,540,0.09,1331.4
6,10,360,0.18,486.851
3,11,540,0.19,11.5528
2,4,300,0.08,2186.75
1,13,240,0.17,11.7813
9,10,720,0.07,4535.69
2,9,420,0.14,579.527
3,5,600,0.14,1173.54
1,4,600,0.18,1204.63
6,13,300,0.14,11.772
3,5,360,0.01,2619.19
6,9,360,0.09,1412.67
6,7,360,0.05,2422.2
6,9,360,0.12,638.263
1,3,600,0.15,1439.13
1,3,120,0.13,2017.99
3,13,60,0.04,1766.55
7,12,60,0.14,1832.94
4,10,120,0.11,641.683
5,12,600,0.06,3032.04
2,12,720,0.16,133.086
2,12,360,0.02,3113.2
4,10,480,0.14,511.675
2,7,240,0.14,687.569
7,12,660,0.04,2203.09
7,8,180,0.1,2184.86
2,4,660,0.01,2521.38
5,10,540,0.07,2070.45
3,8,420,0.13,625.923
1,9,480,0.15,552.836
10,13,240,0.09,6493.66
10,13,180,0.19,6172.57
3,6,60,0.09,2021.72
1,12,540,0.04,3167.08
5,8,720,0.15,543.722
6,9,120,0.19,666.756
4,13,600,0.04,1263.93
4,13,120,0.07,10.2767
2,11,420,0.11,11.6819
3,5,540,0.15,1152.9
2,7,60,0.15,873.736
1,6,120,0.15,1256.82
3,7,300,0.06,2566.41
1,11,540,0.08,1984.44
8,13,360,0.02,2868.58
2,5,300,0.08,2200.64
6,12,360,0.05,3375.65
5,8,180,0.18,659.022
4,6,120,0.14,1285
7,12,240,0.01,2807.48
3,12,480,0.19,136.651
2,13,720,0.04,1289.83
11,12,180,0.09,8574.86
3,5,660,0.04,2359.49
7,12,720,0.15,1800.95
5,11,300,0.06,2805.43
7,11,120,0.13,1709.14
3,12,60,0.07,2833.78
2,5,120,0.18,1482.45
9,12,60,0.1,4814.48
2,5,300,0.1,1655.15
2,12,540,0.2,136.395
4,5,600,0.17,1114.55
2,5,300,0.18,1146.63
4,7,540,0.11,681.33
3,10,420,0.1,592.616
4,11,540,0.08,1860.83
3,13,720,0.01,2597.62
3,12,600,0.13,133.024
8,10,240,0.07,3252.69
3,10,540,0.12,532.994
1,13,660,0.17,11.8025
6,11,60,0.09,1267.62
6,13,360,0.15,11.7894
7,9,360,0.11,2088.17
11,12,660,0.04,7901.84
1,6,540,0.02,2563.7
2,6,600,0.01,2622.72
4,12,60,0.13,140.906
1,9,60,0.16,741.528
10,11,420,0.07,6263.09
2,5,360,0.02,2544.41
4,9,120,0.06,2692.43
7,11,60,0.03,2714.68
3,7,120,0.07,2464.79
5,6,480,0.04,2381.72
4,10,480,0.11,557.863
8,12,300,0.08,2958.54
3,10,660,0.19,446.484
7,13,480,0.06,1719.66
1,12,120,0.17,140.711
3,8,120,0.02,2859.01
2,10,540,0.06,2608.73
2,5,60,0.13,1719.28
1,11,240,0.09,1211.87
5,9,180,0.02,2879.99
4,11,240,0.12,11.6821
11,12,720,0.13,8206.91
7,13,60,0.12,1689.8
2,13,540,0.11,11.7135
2,11,180,0.2,11.8068
2,13,180,0.11,11.7341
1,10,240,0.13,585.795
5,11,240,0.16,11.7417
5,12,300,0.09,1051.53
1,13,540,0.01,2677.93
12,13,300,0.14,10118.2
3,8,720,0.13,568.92
2,13,420,0.07,10.1259
7,13,540,0.06,1704.66
12,13,540,0.12,10083.6
5,12,600,0.03,2789.49
2,11,480,0.1,11.5267
4,10,600,0.07,2083.82
5,8,660,0.02,2675.68
1,6,720,0.08,1800.25
10,12,120,0.02,6294.64
4,9,540,0.1,640.645
1,2,240,0.12,1959.24
1,3,660,0.2,1280.13
2,5,300,0.15,1244.55
7,13,600,0.06,1689.47
7,12,180,0.18,1806.23
3,12,660,0.1,132.076
1,3,420,0.01,2586.92
1,13,540,0.13,11.734
2,8,720,0.03,2681.58
8,12,600,0.05,2930.97
6,10,540,0.03,2675.84
1,6,540,0.19,868.574
5,6,360,0.06,2262.35
5,10,540,0.04,2755.71
3,4,120,0.12,1852.38
1,7,300,0.2,587.832
5,7,120,0.17,774.54
10,12,60,0.11,6663.54
7,8,600,0.06,2115.81
3,5,480,0.11,1348.16
3,6,480,0.14,995.985
6,12,540,0.17,135.389
3,7,420,0.07,2215.44
8,10,360,0.05,3329.01
4,12,180,0.06,3244.04
6,8,600,0.12,608.522
2,6,120,0.19,1221.95
2,6,120,0.14,1281.34
6,13,240,0.08,10.6377
10,12,60,0.13,6605
9,13,540,0.12,4515.56
8,13,660,0.1,2881.19
6,9,600,0.04,2582.72
2,3,600,0.18,1334.58
7,10,60,0.2,2184.58
1,3,600,0.08,2007.17
6,8,360,0.11,689.215
5,12,600,0.08,1811.13
3,11,420,0.1,11.6585
5,10,720,0.16,463.768
1,10,720,0.05,2644
2,4,60,0.16,1849.53
4,10,180,0.11,621.151
1,10,720,0.15,459.981
2,3,600,0.05,2233.27
8,12,600,0.04,3015.53
6,12,360,0.11,133.574
6,12,600,0.17,135.102
2,12,240,0.11,127.917
3,10,420,0.06,2693.01
2,9,600,0.07,2214.63
2,8,180,0.14,689.527
1,8,300,0.04,2917.87
8,9,480,0.14,3330.29
3,12,360,0.01,2966.3
3,4,180,0.08,2259.2
3,13,420,0.08,10.7867
5,6,120,0.11,1349.64
5,9,300,0.08,1923.26
5,7,720,0.18,548.667
2,7,240,0.13,710.642
8,13,120,0.09,2992.39
1,9,480,0.14,567.009
3,11,660,0.03,2870.56
3,7,480,0.2,558.422
6,13,720,0.01,2383.11
1,6,720,0.07,2025.66
4,7,540,0.07,2043.81
2,5,720,0.17,1089.77
12,13,720,0.08,10067.5
7,12,720,0.06,1889.64
5,11,180,0.01,2944.51
5,11,120,0.1,11.6565
2,12,360,0.14,135.888
2,10,360,0.03,3036.55
9,12,360,0.03,4566.6
11,13,60,0.18,8106.73
2,3,480,0.14,1497.22
4,12,600,0.13,133.406
7,13,540,0.01,2424.98
1,6,300,0.02,2594.34
3,13,300,0.07,10.1928
5,10,540,0.09,1260.5
1,8,240,0.02,2833.11
11,12,60,0.05,8368.87
5,12,420,0.19,136.224
3,8,120,0.03,2952.24
2,10,240,0.07,2606.77
9,13,720,0.1,4559.79
1,12,720,0.18,132.564
6,10,720,0.13,495.561
6,8,180,0.06,2444.58
4,10,60,0.01,2928.58
1,6,420,0.08,2052.04
11,13,540,0.02,7681.68
5,11,300,0.13,11.6997
10,13,180,0.12,6418.27
8,9,720,0.07,3347.57
2,10,540,0.2,446.495
3,4,720,0.04,2267.91
2,12,60,0.07,2833.04
5,10,60,0.2,645.343
5,7,600,0.1,705.879
1,5,420,0.12,1305.97
9,10,240,0.11,4626.39
3,13,480,0.08,10.7988
8,11,420,0.09,2783.15
5,8,600,0.08,1692.11
6,7,420,0.12,684.856
1,2,480,0.19,1404.07
2,7,60,0.04,2915.01
1,3,540,0.08,2034.42
5,10,360,0.08,1952.62
3,8,240,0.13,679.478
3,9,660,0.11,582.513
3,10,360,0.18,487.853
7,9,480,0.06,2135.3
10,13,600,0.07,6330.42
6,8,300,0.09,1406.06
4,6,360,0.18,918.299
4,7,60,0.13,890.757
8,13,180,0.15,2912
2,6,420,0.17,922.336
7,10,720,0.14,1964.52
9,12,540,0.17,4541.76
5,6,360,0.19,898.921
1,11,480,0.12,11.6594
8,11,480,0.2,2685.29
4,9,360,0.04,2844.73
6,8,300,0.17,600.275
11,12,480,0.17,8189.13
1,11,180,0.2,11.8181
1,8,60,0.2,793.384
3,5,540,0.01,2602.52
3,13,180,0.19,11.8293
6,13,360,0.19,11.857
4,7,480,0.06,2357.24
9,12,60,0.06,4710.21
5,7,180,0.11,791.617
7,11,540,0.02,2565.05
1,7,720,0.18,553.608
6,10,480,0.1,580.046
5,8,180,0.11,743.919
12,13,240,0.01,9436.7
5,10,420,0.18,474.936
6,10,120,0.15,609.117
1,13,480,0.16,11.77
7,10,60,0.09,2198.28
10,12,180,0.03,6249.82
8,11,360,0.08,2780.42
1,2,480,0.06,2260.85
3,13,300,0.04,1475.36
9,13,120,0.08,4702.68
1,11,540,0.01,2851.42
4,11,480,0.16,11.6429
5,8,420,0.06,2428.81
4,8,360,0.17,578.489
9,10,120,0.14,4669.72
2,10,480,0.16,485.816
11,12,540,0.02,7714.04
2,5,60,0.05,2626.63
3,10,360,0.13,546.07
4,7,240,0.04,2670.3
9,13,660,0.13,4482.94
4,7,600,0.17,557.904
7,11,360,0.18,1688.53
2,9,660,0.03,2811.87
5,8,480,0.1,679.067
2,7,360,0.2,577.417
4,12,720,0.19,132.692
5,6,600,0.18,893.097
1,11,360,0.06,2969.23
9,13,600,0.17,4365.94
3,9,300,0.03,2917.92
7,8,480,0.13,2090.36
6,13,660,0.15,11.7787
7,10,480,0.12,2009.91
2,4,480,0.14,1362.37
2,3,300,0.06,2308.14
5,10,120,0.11,646.387
7,9,420,0.1,2068.72
1,6,240,0.11,1235.4
4,5,120,0.04,2514.57
2,11,720,0.08,1790.67
1,6,180,0.06,2641.44
1,3,600,0.19,1306.91
8,11,480,0.17,2726.91
6,11,360,0.12,11.6693
8,10,480,0.18,3014.77
3,5,540,0.2,1046.83
8,10,180,0.17,3094.28
10,13,540,0.14,6244.57
4,9,660,0.06,2356.34
1,2,540,0.08,2084.11
2,3,180,0.16,1731.28
5,13,300,0.03,2113.18
5,9,720,0.01,2715.44
6,11,240,0.02,2876.56
9,11,660,0.08,4386.05
7,9,420,0.09,2052.54
3,10,60,0.07,2682.66
6,10,540,0.14,498.828
5,11,600,0.09,901.766
10,12,240,0.12,6549.02
2,8,600,0.04,2750.6
5,12,420,0.11,133.686
3,11,480,0.12,11.6629
2,11,60,0.17,12.0061
1,5,660,0.12,1235.42
12,13,240,0.04,10085.6
2,12,600,0.15,133.167
2,3,720,0.18,1310.76
3,13,180,0.03,2222.2
5,7,300,0.08,1845.24
2,11,120,0.12,11.7331
7,8,600,0.2,2124.52
1,10,240,0.02,2997.85
4,8,660,0.19,529.479
1,2,540,0.01,2569.18
7,13,600,0.08,1579.12
1,5,600,0.13,1212.94
11,13,180,0.04,8207.45
9,11,660,0.14,4364.48
1,2,120,0.13,2147.97
8,10,120,0.09,3165
1,5,540,0.19,1056.76
2,12,660,0.14,131.532
2,10,60,0.07,2758.15
3,5,60,0.02,2644.9
2,13,420,0.06,10.9385
2,10,540,0.16,475.003
3,7,720,0.1,689.074
3,9,420,0.11,640.88
3,8,60,0.14,808.472
3,8,480,0.03,2801.15
5,6,720,0.03,2425.42
2,5,600,0.16,1117.67
9,11,360,0.13,4478.65
6,12,300,0.05,3326.24
1,3,420,0.04,2355.45
4,8,180,0.08,2016.81
4,8,180,0.18,652.195
3,11,720,0.02,2839.81
6,13,660,0.06,10.8267
9,12,60,0.2,4690.75
1,3,240,0.04,2474.59
3,6,660,0.2,863.746
4,8,540,0.15,568.225
4,6,540,0.03,2453.75
5,11,360,0.01,2864.77
2,12,540,0.09,1089.75
2,5,60,0.09,2306.79
7,12,60,0.03,2682.93
3,12,60,0.02,3245.06
7,12,60,0.18,1845.97
2,5,120,0.03,2584.08
3,9,600,0.07,2158.12
5,12,240,0.07,2825.92
2,5,540,0.09,1773.43
1,3,180,0.07,2434.67
8,9,300,0.1,3513.81
6,9,300,0.07,2101.2
5,6,720,0.17,909.822
6,11,600,0.17,11.4708
1,11,720,0.09,1004.65
7,8,360,0.05,2380.98
4,13,180,0.01,2753.28
2,5,240,0.18,1238.62
6,10,660,0.06,2161.67
7,11,360,0.12,1693.59
4,6,480,0.02,2506.53
4,8,540,0.08,1810.32
4,10,300,0.05,2828.32
4,5,420,0.17,1131.23
8,12,600,0.2,2820.4
7,9,660,0.06,2074.4
2,3,480,0.18,1343.82
2,8,600,0.08,1836.55
8,9,240,0.1,3545.67
7,10,420,0.11,2022.65
6,7,360,0.08,1737.19
4,13,180,0.1,11.7332
1,6,360,0.1,1320.19
1,2,60,0.17,2115.86
3,8,240,0.02,2816.1
3,6,480,0.08,1930.9
6,8,720,0.03,2531.01
2,10,720,0.02,2764.27
3,6,360,0.01,2623.53
1,7,540,0.09,1375.68
8,13,720,0.09,2876.89
5,11,660,0.12,11.6179
11,12,360,0.08,8478.29
6,7,300,0.02,2542.01
3,10,180,0.17,571.269
2,11,240,0.01,2958.07
10,11,480,0.03,6182.16
8,10,420,0.12,3064.19
1,6,660,0.2,862.037
10,13,60,0.08,6552.1
2,13,60,0.06,11.9096
5,6,300,0.12,1145.42
1,7,600,0.14,604.611
3,5,360,0.09,1846.09
2,4,660,0.1,1596.52
7,10,120,0.12,2126.13
7,12,120,0.04,2511.15
2,5,720,0.18,1071.46
6,12,60,0.19,141.813
6,7,180,0.09,1439.95
8,9,600,0.17,3208.8
8,9,720,0.04,3250.28
5,12,660,0.1,130.606
9,12,240,0.1,4731.12
4,13,360,0.19,11.8443
1,10,540,0.13,517.682
6,13,540,0.07,10.0682
2,11,360,0.13,11.6943
2,5,600,0.19,1054.97
2,13,300,0.03,2152.61
7,11,600,0.19,1687.89
2,12,420,0.08,2078
2,9,420,0.13,595.786
2,7,420,0.1,749.916
2,11,420,0.13,11.6749
3,10,60,0.15,629.453
12,13,240,0.03,9927.53
4,9,300,0.16,585.869
7,12,300,0.03,2551.24
7,13,360,0.04,1938.73
5,13,540,0.05,12.9518
2,4,720,0.15,1291.07
2,4,420,0.19,1205.77
7,13,360,0.19,1695.16
4,11,180,0.2,11.7965
1,7,300,0.17,610.446
7,12,360,0.07,1848.54
3,6,60,0.05,2635.82
9,11,300,0.13,4495.72
2,11,480,0.03,2996.75
1,5,300,0.09,2005.68
9,13,720,0.11,4536.28
4,5,180,0.15,1409.47
3,4,180,0.13,1680.15
10,11,540,0.03,6153.5
4,8,540,0.05,2678.35
9,10,240,0.06,4788.04
2,13,240,0.15,11.7611
1,7,720,0.02,2580.5
7,11,480,0.05,2112.18
2,12,360,0.12,136.596
4,10,540,0.02,2812.15
2,6,360,0.14,1037.41
2,7,240,0.18,624.797
4,10,300,0.14,545.739
12,13,240,0.14,10137.9
1,7,300,0.19,594.419
5,8,180,0.14,704.111
3,4,180,0.18,1531.67
1,6,540,0.04,2498
4,8,660,0.1,641.251
1,6,480,0.15,958.642
3,10,300,0.2,479.366
7,12,600,0.17,1794.59
6,10,420,0.11,569.135
5,11,540,0.06,2473.04
5,6,720,0.14,972.381
2,4,360,0.13,1465.38
2,4,300,0.05,2435.59
1,10,60,0.04,3175.1
12,13,600,0.17,9847.45
2,9,420,0.02,2810.89
1,7,60,0.18,854.636
1,3,240,0.08,2320.79
7,12,240,0.18,1802.34
8,13,180,0.13,2937.98
8,12,540,0.18,2876.09
8,12,540,0.19,2852.68
1,6,660,0.08,1833.14
2,8,180,0.06,2735.7
2,5,720,0.2,1042.73
7,12,480,0.13,1787.65
1,13,360,0.16,11.7695
5,12,300,0.12,134.229
6,7,360,0.1,751.386
8,9,600,0.06,3322.47
3,4,240,0.08,2187.89
7,9,300,0.06,2209.87
9,13,420,0.08,4578.83
6,13,540,0.04,1228.07
9,11,120,0.09,4612.53
1,3,600,0.04,2296.06
5,10,540,0.17,470.365
1,9,180,0.14,661.11
4,11,300,0.02,2982.02
10,12,360,0.12,6525.82
1,3,360,0.19,1358.82
2,12,240,0.13,137.351
2,5,180,0.01,2684
9,10,600,0.01,4838.46
4,10,720,0.08,1698.51
2,13,660,0.03,1951.68
5,6,60,0.05,2495.2
4,5,180,0.08,2175.18
4,11,360,0.05,3052.07
5,12,720,0.02,2694.46
1,9,360,0.14,608.253
9,13,180,0.14,4552.74
1,4,180,0.08,2442.83
11,12,300,0.02,7847.79
4,11,240,0.04,3005.09
3,6,300,0.17,974.401
1,12,600,0.1,132.972
3,4,60,0.08,2456.32
7,8,600,0.05,2283.92
10,11,420,0.02,6317.87
8,12,420,0.08,2933.19
6,13,120,0.11,11.7612
4,8,600,0.1,653.657
2,9,180,0.02,2893.59
6,11,360,0.05,2749.5
6,10,720,0.01,2692.72
2,6,600,0.07,2108.84
6,10,300,0.2,478.281
5,10,540,0.03,2777.99
8,11,420,0.1,2801.21
2,13,660,0.18,11.7652
1,9,360,0.07,2437.29
5,7,60,0.09,1606.04
1,13,180,0.11,11.7246
5,8,120,0.09,1552.49
2,10,420,0.2,459.148
1,6,240,0.06,2596.54
5,10,480,0.05,2658.51
1,10,720,0.17,449.846
6,13,660,0.19,11.7114
2,5,180,0.15,1422.99
11,13,240,0.16,8111.1
1,6,540,0.15,945.336
4,11,540,0.02,2890.69
6,8,600,0.2,533.244
7,8,120,0.12,2251.01
7,9,360,0.07,2075.91
2,6,180,0.05,2644.72
3,8,360,0.16,590.869
8,12,120,0.15,3029.26
9,13,120,0.05,4582.47
4,6,180,0.19,1103.15
5,8,240,0.09,1444.53
2,7,420,0.15,613.268
2,13,240,0.1,11.7233
7,11,540,0.03,2468.65
12,13,120,0.06,10269.5
1,4,480,0.13,1413.29
7,12,60,0.2,1857.79
8,13,360,0.01,3045.76
9,10,480,0.12,4556.33
3,4,480,0.06,2201.92
4,5,540,0.16,1141.26
1,7,240,0.12,736.103
5,6,660,0.04,2355.03
2,4,180,0.11,1815.31
6,10,240,0.2,494.897
1,12,60,0.14,130.344
4,13,660,0.02,2359.82
4,12,420,0.17,136.301
5,7,480,0.2,551.509
10,11,180,0.17,6281.6
1,7,180,0.11,795.148
10,12,720,0.11,6363.73
11,13,660,0.02,7618.32
5,6,720,0.06,2070.67
4,12,300,0.09,1107.4
2,7,480,0.17,573.031
10,11,720,0.15,6124.4
9,12,480,0.08,4597.23
3,4,480,0.11,1537.92
1,11,120,0.05,3375.22
2,10,120,0.16,596.167
4,7,300,0.16,628.988
4,13,180,0.09,11.3005
6,11,360,0.15,11.679
4,5,600,0.16,1133.73
1,3,480,0.2,1289.79
3,9,660,0.14,541.817
5,13,480,0.09,11.2988
3,8,240,0.15,640.683
1,13,120,0.18,11.8266
4,6,480,0.01,2591.77
2,6,180,0.15,1150.17
4,6,660,0.17,904.156
2,5,60,0.11,1801.61
2,5,660,0.02,2515.94
1,13,480,0.12,11.7225
5,12,120,0.13,136.901
9,12,540,0.15,4562.27
4,6,180,0.08,2074.99
2,7,660,0.16,564.792
2,13,180,0.03,2239.65
10,12,660,0.2,6181.66
5,10,180,0.03,2959.34
9,10,540,0.09,4533.43
1,9,660,0.11,584.819
2,13,240,0.07,10.2407
4,9,120,0.01,2851.55
6,13,480,0.08,10.6949
7,12,660,0.11,1779
8,10,540,0.07,3147.04
7,11,660,0.1,1726.08
6,10,660,0.19,452.754
6,10,420,0.04,2706.95
9,11,300,0.11,4546.84
8,13,240,0.17,2868.41
11,13,180,0.11,8363.33
9,12,600,0.12,4564.9
3,11,480,0.13,11.6618
12,13,540,0.13,10041
5,13,720,0.03,1841.29
10,11,360,0.07,6284.58
3,4,420,0.08,2036.83
1,10,60,0.02,3043.75
6,9,60,0.17,742.437
9,11,600,0.01,4696.68
3,4,120,0.18,1663.37
6,11,300,0.01,2838.86
2,3,360,0.17,1416.67
3,12,120,0.05,3393.68
1,5,180,0.03,2553.87
8,12,420,0.14,2972.8
1,9,180,0.15,653.554
2,4,600,0.05,2269
9,11,60,0.06,4587.25
4,11,60,0.06,2966.58
3,4,420,0.14,1381.16
2,7,480,0.04,2664.92
4,8,300,0.1,733.815
2,11,180,0.16,11.7756
8,10,420,0.02,3332.23
1,9,120,0.15,686.85
5,10,540,0.06,2399.16
9,10,480,0.01,4883.69
2,6,360,0.1,1303.4
4,10,540,0.14,496.669
4,11,240,0.08,2150.07
3,9,180,0.13,665.35
6,13,540,0.18,11.8467
7,9,360,0.02,2635.97
5,13,420,0.19,11.8543
7,11,120,0.2,1711.72
10,13,600,0.08,6359.41
7,13,120,0.15,1673.91
2,8,540,0.1,669.457
12,13,480,0.17,9901.49
4,8,720,0.19,526.764
2,13,540,0.06,10.9247
1,4,180,0.19,1525.68
7,10,720,0.04,2252.97
10,12,180,0.1,6629.12
4,11,480,0.19,11.6045
2,13,600,0.02,2403.85
7,11,180,0.13,1690.14
7,13,600,0.1,1660.91
8,12,120,0.19,3003.68
8,9,120,0.16,3531.75
9,12,360,0.05,4556.42
4,7,180,0.07,2327.47
8,13,180,0.17,2886.21
2,8,540,0.07,2228.59
2,12,600,0.2,135.025
6,7,300,0.17,615.975
9,13,240,0.11,4635.25
6,9,360,0.07,2049.6
2,8,420,0.19,551.085
9,13,120,0.19,4454.17
6,8,180,0.16,681.116
3,11,480,0.16,11.6471
2,4,600,0.16,1262.9
8,12,180,0.17,3003.26
5,13,60,0.05,35.9364
6,9,120,0.07,2243.22
9,10,540,0.15,4502.95
5,9,60,0.08,2106.77
7,10,720,0.1,1966.21
9,11,420,0.1,4526.5
9,13,180,0.05,4565.79
4,8,420,0.19,552.778
1,6,720,0.01,2621.43
11,13,180,0.2,7963.45
2,3,60,0.19,1934.13
7,12,120,0.16,1809.26
10,11,420,0.01,6482.27
7,8,300,0.05,2411.38
1,4,720,0.09,1831.32
2,6,120,0.11,1369.03
4,13,180,0.08,10.6943
5,8,180,0.19,650.444
2,6,240,0.11,1238.8
8,11,480,0.14,2759.11
10,13,300,0.18,6151.69
6,12,240,0.04,2974.24
2,11,720,0.12,11.5978
1,6,360,0.17,939.71
6,11,360,0.16,11.6829
9,10,720,0.15,4492.75
10,11,60,0.07,6432.55
5,7,420,0.1,741.904
7,13,240,0.15,1677.93
4,11,660,0.19,11.4122
7,8,720,0.11,2109.22
8,10,240,0.18,3049.52
11,13,240,0.06,8315.31
7,11,180,0.12,1693.74
2,4,660,0.07,2049.91
2,6,600,0.12,1040.93
6,10,540,0.02,2709.61
2,7,480,0.13,647.141
6,12,180,0.09,1097.65
1,12,60,0.2,143.973
2,5,240,0.13,1396.2
6,8,180,0.2,655.414
12,13,180,0.08,10354.5
2,8,600,0.11,624.423
9,11,120,0.11,4617.18
5,7,360,0.16,608.409
4,7,660,0.11,663.377
6,7,600,0.2,549.334
10,11,660,0.17,6081.7
2,11,420,0.18,11.6508
2,9,360,0.01,2781.85
5,6,180,0.17,1111.49
2,10,180,0.05,3013.1
9,12,660,0.16,4525.15
4,8,540,0.13,601.423
12,13,300,0.08,10300.6
1,4,660,0.06,2203.68
4,8,60,0.07,2463.75
11,13,480,0.02,7716.94
10,11,360,0.1,6426.11
4,9,300,0.19,549.271
7,12,360,0.06,1996.56
2,5,660,0.08,1890.48
5,11,360,0.09,1011.64
4,5,540,0.15,1160.14
7,13,60,0.17,1677.82
2,12,480,0.19,136.92
1,11,60,0.08,2324.09
11,12,180,0.2,8173.28
2,6,480,0.06,2427.57
3,11,480,0.1,11.6057
5,13,660,0.09,11.313
1,10,240,0.03,3091.21
2,12,720,0.12,129.426
4,6,300,0.02,2532.75
3,7,660,0.03,2543.69
1,11,660,0.19,11.3929
7,11,300,0.2,1690.44
1,13,360,0.12,11.7311
8,11,240,0.01,3456.07
7,12,240,0.07,1858.92
7,8,360,0.19,2090.46
8,9,480,0.17,3240.99
2,11,480,0.16,11.6522
3,6,300,0.04,2520.71
10,12,300,0.08,6557.55
6,8,300,0.08,1819.95
6,12,60,0.14,138.368
4,7,120,0.11,843.307
3,9,180,0.01,2839.74
1,13,180,0.06,11.4057
3,12,300,0.02,3102.2
5,8,60,0.06,2672.61
1,6,600,0.19,866.049
1,10,540,0.08,2020.18
1,6,480,0.19,874.402
9,13,300,0.14,4494.33
5,7,720,0.19,545.757
8,9,420,0.17,3262.25
5,9,120,0.14,697.946
4,13,600,0.18,11.8149
7,13,480,0.12,1671.63
3,6,60,0.17,1358.52
6,10,120,0.04,2850.23
3,12,300,0.13,135.824
1,5,240,0.17,1252.44
8,13,660,0.13,2838.36
1,9,600,0.1,620.806
1,11,120,0.06,3156.18
3,4,420,0.17,1264.35
7,11,720,0.02,2484.61
2,4,240,0.18,1416.82
8,13,600,0.01,2987.5
4,7,660,0.07,1929.57
5,11,60,0.11,11.9094
2,7,600,0.06,2364.18
4,5,600,0.1,1466.03
8,11,360,0.14,2775.91
11,13,120,0.08,8435.55
2,9,660,0.14,539.349
1,13,60,0.09,11.174
2,3,720,0.02,2385.72
4,6,720,0.1,1175.14
1,5,540,0.08,2002.07
1,5,180,0.02,2611.5
4,10,540,0.1,577.91
4,7,240,0.11,760.957
3,10,300,0.01,2847.16
2,9,300,0.07,2440.85
8,12,600,0.09,2932.68
6,10,480,0.2,459.276
6,13,300,0.11,11.7479
3,4,180,0.09,2156.37
3,7,60,0.11,913.636
3,6,180,0.19,1102.17
3,13,240,0.14,11.7603
5,10,300,0.16,530.754
5,8,600,0.19,532.086
5,8,120,0.12,766.543
1,4,240,0.11,1738.95
5,11,600,0.18,11.4863
7,9,180,0.17,2142.56
4,9,180,0.19,594.863
4,11,120,0.17,11.7677
4,7,120,0.18,773.612
9,13,180,0.17,4468.89
10,13,480,0.17,6154.48
2,5,660,0.01,2604.77
7,11,540,0.04,2284.83
7,13,120,0.04,2005.7
1,9,300,0.08,2138.09
3,6,180,0.09,1879.56
10,12,360,0.15,6433.84
10,11,600,0.03,6123.88
1,9,240,0.17,605.242
4,8,480,0.06,2466.26
2,11,720,0.13,11.5558
5,8,720,0.07,1873.41
5,10,60,0.06,2752.83
10,12,120,0.08,6604.54
1,6,540,0.13,1012.49
12,13,540,0.15,9954.69
1,3,300,0.02,2557.99
2,5,600,0.18,1074.11
3,13,660,0.1,11.6162
1,4,60,0.14,1913.17
5,10,120,0.1,675.937
4,11,120,0.06,2958.32
7,8,180,0.18,2167.38
5,7,420,0.11,705.541
1,11,300,0.07,2650.64
5,12,480,0.17,136.348
8,9,420,0.15,3318.61
5,6,720,0.12,1044.31
1,11,180,0.12,11.6796
4,7,120,0.03,2714.64
4,10,600,0.03,2817.04
2,9,540,0.04,2857.65
5,9,120,0.07,2356.98
5,8,480,0.04,2700.75
2,3,720,0.16,1369.47
5,12,420,0.08,1962.99
5,8,420,0.03,2750.91
4,8,180,0.02,2807.7
6,9,60,0.05,2708.02
4,6,240,0.12,1179.54
4,9,360,0.01,2785.07
5,9,600,0.11,592.707
4,9,180,0.02,2888.49
3,6,600,0.12,1041.8
2,9,360,0.14,604.155
10,12,600,0.04,6110.79
8,10,660,0.03,3235.79
4,9,360,0.14,596.874
5,6,540,0.05,2298.13
4,10,480,0.2,454.341
3,7,720,0.19,550.06
4,6,660,0.13,1006.81
9,12,480,0.16,4564.77
2,12,600,0.01,2893.61
3,9,60,0.17,734.63
1,12,120,0.16,141.601
4,8,540,0.07,2125.5
1,4,600,0.13,1386.53
7,13,180,0.09,1653.5
2,9,420,0.05,2854.45
5,6,360,0.1,1251.3
7,9,180,0.11,2152.1
4,5,300,0.02,2527.71
4,5,240,0.05,2396.53
9,13,360,0.16,4424.21
1,11,480,0.19,11.6361
1,7,480,0.08,1950
3,8,420,0.1,700.398
3,5,300,0.07,2297.75
1,5,480,0.02,2545.41
3,7,300,0.02,2660.09
9,12,360,0.14,4612.3
5,13,360,0.19,11.8506
3,13,180,0.02,2633.36
6,10,720,0.15,473.756
8,12,120,0.17,3024.86
2,3,420,0.17,1389.64
9,13,60,0.07,4696.03
9,12,300,0.19,4557.43
8,10,720,0.13,3091.08
2,10,360,0.01,2841.29
6,9,240,0.18,575.35
4,11,720,0.1,11.5211
2,5,60,0.1,1997.05
3,8,420,0.08,1951.13
8,11,60,0.14,2919.41
12,13,660,0.08,10099
8,11,420,0.07,2785.16
1,12,720,0.07,2641.44
2,12,600,0.14,132.652
3,12,240,0.02,3138.52
4,11,720,0.02,2791.09
1,2,720,0.06,2210.04
7,9,300,0.04,2501.57
2,3,480,0.01,2538.01
2,10,360,0.11,575.886
1,9,300,0.18,561.604
8,9,480,0.02,3325.54
3,6,720,0.17,900.138
6,8,420,0.19,553.546
4,5,360,0.03,2436.49
1,5,720,0.12,1227.71
1,11,60,0.17,12.0175
2,8,360,0.15,604.048
10,11,480,0.12,6342.15
1,2,420,0.1,1865.89
2,7,420,0.08,1953.41
2,5,600,0.03,2442.28
11,13,180,0.08,8419.58
2,12,180,0.02,3226.88
2,9,480,0.1,653.481
5,6,180,0.05,2410.38
2,11,240,0.17,11.7602
1,7,120,0.1,871.986
1,2,480,0.04,2369.74
4,12,540,0.13,134.622
4,10,420,0.06,2612.9
1,9,720,0.02,2700.89
3,8,60,0.06,2804.28
4,11,60,0.01,3010.14
2,11,720,0.16,11.4253
4,5,60,0.04,2558.31
7,11,360,0.05,2173.94
10,11,660,0.01,6397.22
1,5,540,0.14,1179.42
1,9,180,0.19,597.794
10,12,660,0.11,6397.24
5,10,720,0.12,505.603
5,8,240,0.02,2768.1
3,6,660,0.05,2346.28
5,8,420,0.09,1346.41
4,10,420,0.03,2914.58
7,9,540,0.14,2028.33
2,9,600,0.16,527.421
2,9,660,0.15,529.734
1,4,180,0.01,2728.22
5,12,60,0.05,3182.32
8,9,360,0.07,3435.13
5,12,480,0.13,134.399
1,6,660,0.06,2273.38
6,7,540,0.02,2497.54
11,13,60,0.14,8272.99
2,4,60,0.07,2569.91
1,3,180,0.08,2403.83
1,3,300,0.18,1463.63
2,11,120,0.17,11.7757
9,11,300,0.07,4445.6
7,11,180,0.05,2273.28
1,3,240,0.03,2521.96
4,13,720,0.1,11.6778
8,11,180,0.12,2838.44
3,8,420,0.11,659.557
3,5,360,0.2,1072.48
7,9,420,0.14,2051.72
7,8,420,0.15,2084.72
10,11,300,0.2,6141.71
2,4,420,0.04,2387.64
2,7,480,0.12,670.69
4,8,180,0.05,2824.9
3,8,600,0.01,2718.87
7,13,180,0.03,2176.77
11,13,600,0.16,8009.98
8,9,480,0.19,3187.83
2,6,600,0.03,2483.68
1,5,540,0.04,2424.03
9,10,120,0.02,5103.66
7,9,300,0.1,2108.18
9,11,540,0.14,4396.86
3,6,480,0.04,2463.24
9,12,360,0.18,4565.52
6,7,300,0.11,734.398
11,12,120,0.13,8474.32
3,12,240,0.07,2901.43
7,11,660,0.15,1711.96
3,9,540,0.16,536.095
8,13,60,0.15,2953.28
5,7,300,0.14,671.749
10,12,180,0.11,6597
2,4,240,0.11,1727.91
7,10,720,0.15,1962.18
7,11,420,0.12,1699.15
5,13,360,0.18,11.8297
9,10,360,0.14,4546.42
2,4,480,0.02,2495.34
6,13,480,0.1,11.7262
6,8,120,0.1,792.219
3,9,480,0.06,2515.9
3,12,540,0.18,136.588
4,5,660,0.1,1460.75
3,4,720,0.02,2399.99
7,8,240,0.08,2101.81
4,6,420,0.07,2134.25
9,13,240,0.16,4463.34
4,6,300,0.03,2494.33
10,11,60,0.16,6418.56
1,3,420,0.08,2120.28
3,9,180,0.09,1616.95
2,8,660,0.14,564.91
6,10,420,0.16,497.152
10,13,720,0.15,6178.31
5,12,600,0.19,134.568
2,10,180,0.08,2259.15
4,6,600,0.15,951.758
7,12,180,0.1,1807.2
1,10,720,0.18,446.121
3,10,720,0.11,524.185
5,7,600,0.18,550.855
6,13,540,0.12,11.7497
7,9,420,0.2,2052.4
2,11,60,0.19,12.3814
3,10,60,0.04,3081.67
6,9,600,0.01,2705.45
3,13,720,0.07,9.96815
12,13,300,0.03,9900.98
2,12,420,0.07,2845.41
6,12,60,0.09,1247.51
2,13,300,0.14,11.7519
11,12,300,0.03,7923
2,10,720,0.14,469.993
4,6,420,0.15,980.105
5,7,240,0.03,2602.79
1,5,180,0.12,1491.64
4,13,540,0.03,1985.43
1,9,120,0.18,666.079
6,8,660,0.06,2141.39
12,13,120,0.03,9980.52
4,12,240,0.04,3291.98
9,13,60,0.16,4578.87
5,10,240,0.07,2385.24
3,10,600,0.03,2885.89
2,9,540,0.19,516.703
5,9,300,0.09,1476.66
2,7,720,0.13,613.332
9,12,480,0.02,4580.42
9,11,180,0.03,4905.74
5,6,660,0.17,911.78
5,7,360,0.06,2350.68
1,3,600,0.2,1281.9
9,10,300,0.01,4958.23
5,10,300,0.04,2897.29
3,10,600,0.02,2828.31
2,10,660,0.2,442.39
1,7,60,0.13,892.743
12,13,180,0.01,9465.25
6,9,120,0.16,688.976
6,13,420,0.06,10.9669
2,11,720,0.04,2762
3,6,600,0.02,2519.48
4,5,540,0.18,1097
1,8,600,0.15,559.618
3,10,480,0.04,2907.62
6,9,480,0.01,2737.4
2,8,300,0.06,2654.4
1,2,480,0.14,1599.06
7,13,180,0.1,1693.97
2,8,240,0.18,601.268
7,9,420,0.01,2699.73
1,9,720,0.01,2684.13
6,8,300,0.05,2597.91
1,6,60,0.14,1395.25
10,13,360,0.02,5937.43
2,6,480,0.16,930.912
8,13,300,0.05,2937.47
2,12,120,0.07,2842.16
3,9,720,0.11,575.554
5,10,360,0.1,601.318
1,3,360,0.08,2181.46
8,12,60,0.09,3085.43
6,11,60,0.18,12.2528
6,9,720,0.17,519.491
1,6,660,0.19,866.968
2,10,180,0.09,1616.03
10,13,300,0.12,6381.57
6,7,300,0.08,1764.3
7,11,720,0.11,1742.21
5,8,480,0.05,2641.16
2,8,300,0.08,2035.43
3,12,660,0.08,1809.36
8,12,300,0.11,3005.5
1,10,120,0.09,1708.5
2,3,180,0.18,1691.81
2,7,420,0.13,658.633
7,8,120,0.13,2237.23
6,13,360,0.13,11.7595
5,6,480,0.13,1037.42
5,12,360,0.12,134.078
2,12,300,0.18,136.745
1,9,660,0.19,509.754
2,6,180,0.16,1131.74
3,12,720,0.06,3030.27
4,6,120,0.13,1303.32
10,12,60,0.12,6633.91
10,12,300,0.17,6381.34
1,3,720,0.08,1966.15
5,6,300,0.13,1104.5
3,13,120,0.16,11.7821
2,5,540,0.14,1182.09
1,6,60,0.16,1361.22
5,8,600,0.2,529.113
1,9,120,0.12,722.818
5,9,480,0.2,520.112
3,5,240,0.07,2354.08
2,13,660,0.15,11.7649
1,11,420,0.01,2896.09
3,6,660,0.06,2210.49
7,13,60,0.01,2535.68
6,8,660,0.17,541.143
9,11,120,0.07,4525.12
1,3,540,0.11,1634.1
4,8,60,0.17,800.443
1,3,240,0.01,2666.53
2,5,60,0.2,1581.33
3,12,240,0.15,136.097
4,7,180,0.08,2010.6
8,9,360,0.01,3407.25
5,13,60,0.12,11.7765
6,7,360,0.2,571.377
1,13,60,0.03,2401.7
11,13,720,0.12,8115.13
4,9,60,0.08,2182.29
3,12,60,0.16,141.641
8,10,540,0.14,3053.27
11,13,660,0.2,7850.02
3,8,720,0.04,2636.52
1,6,240,0.16,1035.48
5,8,480,0.01,2732.22
2,9,180,0.06,2781.51
10,12,600,0.16,6306.79
4,7,420,0.2,561.661
3,6,540,0.13,1015.25
11,12,240,0.06,8418.01
5,10,660,0.04,2668.33
1,5,360,0.16,1165.4
1,12,540,0.13,132.524
10,11,120,0.13,6458.55
10,12,300,0.16,6412.52
6,13,660,0.17,11.7715
7,8,300,0.04,2528.74
2,12,180,0.1,101.549
1,10,180,0.06,3034.11
6,13,180,0.12,11.7655
8,13,720,0.17,2756.66
8,11,300,0.18,2761.23
2,13,600,0.01,2662.53
4,12,540,0.15,135.3
5,8,120,0.03,2857.37
1,11,720,0.05,2783.81
7,10,180,0.18,2037.85
8,9,240,0.17,3373.02
5,6,480,0.09,1593.18
2,13,720,0.15,11.7688
4,9,180,0.15,646.972
1,7,360,0.06,2631.09
4,8,420,0.14,607.339
5,9,540,0.19,521.401
2,13,60,0.03,2377.94
9,10,180,0.15,4588.68
1,8,300,0.01,2815.32
8,13,360,0.06,2938.26
4,12,60,0.02,3174.81
3,9,300,0.07,2385
1,7,300,0.11,740.836
5,7,420,0.03,2574.32
4,9,420,0.02,2800.38
5,7,360,0.11,720.427
2,4,360,0.07,2250.23
7,10,360,0.12,2031.51
6,7,120,0.09,1478.81
4,11,120,0.18,11.808
3,7,540,0.16,573.117
3,4,300,0.15,1402.16
11,12,720,0.15,8139.86
4,5,420,0.15,1183.23
7,10,360,0.2,1985.91
3,4,120,0.04,2548.93
4,13,540,0.04,1294.62
9,12,360,0.01,4674.88
3,6,120,0.14,1287.01
9,12,420,0.07,4614.03
4,13,120,0.18,11.8134
3,6,720,0.05,2311.69
1,7,180,0.14,730.153
2,6,240,0.01,2654.64
3,5,360,0.13,1288.83
12,13,600,0.05,10009
3,13,660,0.14,11.7559
6,9,300,0.03,2773.41
1,6,180,0.2,1098.27
8,12,240,0.02,3376.53
7,12,360,0.17,1795.44
2,4,180,0.12,1745.64
12,13,420,0.04,10015.5
9,12,240,0.12,4691.89
11,12,540,0.18,8122.02
6,13,360,0.03,2038.81
4,11,480,0.14,11.6625
10,12,600,0.18,6267.64
4,9,180,0.16,638.286
1,11,240,0.18,11.7647
3,4,660,0.07,2000.72
7,9,300,0.08,2072.26
6,8,120,0.02,2757.16
10,13,480,0.04,6233.58
2,4,720,0.11,1474.81
4,13,600,0.19,11.7732
3,6,60,0.08,2290.71
7,13,720,0.09,1622.89
9,10,540,0.08,4500.83
9,10,540,0.05,4855.22
6,7,300,0.12,715.496
3,9,480,0.12,600.732
5,12,360,0.18,136.941
3,10,420,0.01,2814.35
4,5,420,0.16,1156.91
5,13,420,0.07,10.1318
2,12,360,0.03,3159.23
3,4,300,0.16,1363.38
6,10,360,0.06,2413.23
11,13,360,0.16,8084.27
4,13,420,0.19,11.8479
4,10,720,0.17,454.079
1,6,240,0.15,1063.96
2,13,660,0.06,10.9044
7,8,720,0.13,2099.89
2,5,660,0.1,1491.99
6,9,540,0.12,586.539
1,4,540,0.02,2505.63
2,12,60,0.18,141.236
1,7,240,0.07,2438.77
8,10,360,0.11,3074.92
3,7,180,0.03,2726.39
2,11,540,0.11,11.6512
1,8,120,0.13,749.375
1,10,600,0.18,451.747
2,9,480,0.03,2893.1
1,3,300,0.05,2392.35
3,8,720,0.02,2671.57
2,11,120,0.16,11.7416
1,9,360,0.08,2092.26
8,11,720,0.01,3231.55
2,5,180,0.03,2551.5
11,13,360,0.17,8042.74
11,12,540,0.17,8157.04
5,9,60,0.07,2424.32
8,12,120,0.16,3026.07
11,12,660,0.16,8133.04
2,11,180,0.01,2978.09
7,11,240,0.03,2616.45
3,10,60,0.05,3053.47
6,13,240,0.05,15.4306
4,8,660,0.04,2645.86
1,7,420,0.16,598.893
2,8,420,0.16,576.083
3,10,120,0.17,588.935
3,4,480,0.01,2545.63
8,9,540,0.08,3428.15
4,11,660,0.1,11.5351
8,13,720,0.07,2875.21
3,5,420,0.05,2374.97
1,8,60,0.07,2609.54
1,10,60,0.06,3114.77
1,5,120,0.13,1590.22
3,13,240,0.08,10.7411
5,9,60,0.16,738.844
10,12,600,0.2,6217.09
1,5,660,0.06,2265.53
9,10,60,0.13,4751.21
3,8,360,0.12,655.681
3,5,660,0.11,1307.02
7,10,660,0.1,1982.12
4,7,180,0.12,772.393
3,13,540,0.18,11.8271
8,12,420,0.1,3007.64
9,10,180,0.16,4578.18
1,3,660,0.18,1331.52
9,12,660,0.12,4555.75
6,13,180,0.13,11.7714
9,11,120,0.04,4789.08
4,8,240,0.18,604.719
2,3,420,0.01,2561.3
6,13,120,0.05,26.1717
3,12,300,0.04,3401.17
6,12,180,0.03,2925.55
9,12,360,0.16,4593.66
8,13,480,0.09,2914.94
2,8,360,0.19,561.676
10,11,480,0.04,6090.77
6,13,300,0.02,2479.51
3,6,300,0.09,1782.83
2,12,720,0.07,2598.04
4,10,240,0.12,592.49
4,9,360,0.11,650.903
1,5,660,0.02,2527.64
3,9,180,0.2,585.065
3,6,540,0.14,980.559
1,10,60,0.03,3183.62
5,12,600,0.01,2783.89
3,9,480,0.01,2750.76
1,4,60,0.06,2659.78
2,10,240,0.06,2947.08
1,7,180,0.02,2773.23
2,13,300,0.06,11.0328
11,12,660,0.11,8303.66
1,10,480,0.19,457.854
3,9,660,0.13,553.655
7,11,240,0.18,1692.12
3,8,240,0.17,614.838
2,13,420,0.16,11.7759
8,13,240,0.12,2932.77
8,12,540,0.05,2949.47
8,10,540,0.06,3261.4
3,11,480,0.18,11.6067
8,13,660,0.03,2799.53
5,9,300,0.19,548.999
6,12,720,0.01,2660.39
2,11,120,0.08,2263.38
1,10,120,0.11,647.759
1,12,180,0.15,139.53
9,12,300,0.05,4569.32
3,12,420,0.17,136.245
2,13,540,0.17,11.8004
1,9,660,0.12,564.677
5,13,240,0.1,11.7354
4,12,660,0.18,134.923
5,12,420,0.05,3443.43
2,7,420,0.18,577.208
1,11,720,0.1,13.2039
3,6,660,0.11,1082.46
10,13,480,0.2,6058.76
1,10,720,0.08,1852.19
1,3,600,0.05,2248.75
6,13,60,0.19,11.9317
5,7,660,0.09,1241.26
4,6,120,0.15,1266.88
2,11,420,0.07,2585.9
3,5,420,0.04,2406.6
1,12,60,0.19,142.67
1,9,300,0.04,3004.48
4,11,600,0.03,2857.15
4,6,240,0.01,2625.71
6,11,240,0.04,2810.34
3,10,600,0.16,469.651
3,12,660,0.17,134.605
4,11,720,0.17,11.4097
5,12,120,0.11,136.44
12,13,480,0.06,10104.1
3,13,480,0.15,11.7693
2,12,720,0.2,128.773
7,9,540,0.06,2113.55
1,5,180,0.11,1564.02
8,11,180,0.19,2791.21
5,13,660,0.2,11.7257
6,10,180,0.06,2544.54
1,8,180,0.2,625.643
11,12,240,0.07,8482.51
2,3,540,0.17,1371.12
5,8,720,0.14,553.717
3,11,540,0.12,11.6468
2,13,600,0.15,11.7625
10,13,720,0.18,6106.72
10,12,600,0.12,6403.51
4,13,360,0.18,11.8235
4,8,600,0.17,542.657
7,13,360,0.17,1690.26
9,11,540,0.19,4275.29
7,12,420,0.13,1791.45
5,10,600,0.1,570.282
8,9,60,0.05,3645.03
7,9,60,0.11,2251.28
2,13,60,0.13,11.7705
5,12,600,0.16,135.256
6,11,480,0.04,2690.18
4,8,480,0.03,2761.91
1,10,180,0.1,652.28
9,11,480,0.18,4331.15
1,9,600,0.04,2825.22
1,12,360,0.18,136.573
4,7,60,0.07,2443.19
9,10,420,0.06,4692.61
7,12,720,0.08,1740.08
2,11,360,0.09,1054.89
4,7,480,0.17,566.87
1,8,420,0.2,546.318
5,10,720,0.19,446.836
5,11,360,0.18,11.6868
4,8,480,0.1,678.019
1,10,60,0.14,644.471
4,10,420,0.13,537.472
4,7,240,0.06,2528.29
4,10,600,0.01,2752.45
10,12,480,0.15,6387.77
2,4,360,0.03,2468.98
2,3,660,0.05,2223.81
4,10,120,0.15,598.983
3,13,300,0.02,2564.88
1,13,300,0.13,11.7458
7,8,300,0.16,2089.29
3,8,120,0.15,727.14
7,13,660,0.04,1860.36
7,9,180,0.1,2158.91
4,8,120,0.17,720.06
4,6,720,0.15,951.693
4,6,540,0.07,2056.25
8,10,480,0.01,3313.81
2,8,420,0.05,2815.63
4,8,660,0.06,2336.55
3,5,120,0.16,1516.85
1,4,60,0.02,2703.23
4,13,720,0.13,11.7493
2,12,180,0.12,135.365
4,8,600,0.12,606.464
6,9,540,0.06,2227.65
3,13,60,0.02,2705.73
2,4,180,0.06,2464.76
9,11,360,0.19,4348.72
9,11,240,0.2,4382.21
7,8,660,0.01,2691.08
7,9,600,0.08,1984.6
6,10,120,0.03,2872.39
2,11,540,0.02,2994.21
3,11,240,0.17,11.7616
10,12,540,0.08,6450.41
10,12,420,0.01,6173.08
3,4,720,0.05,2189.18
3,8,300,0.04,2861.08
6,12,240,0.03,2901.3
1,5,540,0.01,2632
7,9,240,0.1,2125.72
11,13,360,0.13,8211.75
7,10,300,0.14,2026.44
11,13,360,0.2,7921.24
6,11,120,0.16,11.7255
2,11,300,0.07,2637.98
8,11,600,0.03,3168.73
2,13,360,0.01,2735.44
10,12,480,0.12,6465.29
4,9,720,0.09,1179.63
2,6,300,0.17,968.16
1,6,720,0.02,2525.1
6,12,180,0.02,2924.4
8,10,660,0.17,3026.51
7,9,420,0.17,2048.24
7,9,480,0.02,2584.87
7,13,240,0.05,1934.28
4,12,660,0.07,2582.12
1,9,480,0.17,532.078
9,11,480,0.04,4566.94
1,5,420,0.2,1052.6
5,10,360,0.09,1405.86
5,11,720,0.11,11.6167
2,11,240,0.13,11.7207
2,4,420,0.16,1290.22
2,4,60,0.18,1805.65
2,12,120,0.02,3263.36
1,9,540,0.03,2868.84
1,8,480,0.04,2842.56
11,12,600,0.07,8297.7
1,12,360,0.14,135.644
5,7,180,0.1,816.028
6,10,120,0.08,2002.58
1,4,300,0.02,2600.02
6,7,540,0.05,2315.9
8,9,180,0.11,3557.71
8,13,660,0.05,2913.99
1,7,240,0.13,713.221
2,5,480,0.18,1085.03
10,12,360,0.09,6561.15
7,12,120,0.12,1808.65
9,10,180,0.14,4605.87
3,9,180,0.1,725.795
8,11,240,0.07,2859.04
9,12,720,0.05,4403.17
1,9,540,0.05,2830.17
2,13,600,0.04,1336.75
2,6,540,0.11,1103.74
6,13,720,0.06,10.7284
2,13,240,0.01,2773.25
5,13,540,0.03,1978.65
1,4,420,0.18,1227.96
7,13,660,0.02,2231.36
5,12,420,0.02,2912.94
4,13,720,0.2,11.7185
2,11,180,0.17,11.7865
1,7,420,0.05,2696.25
9,12,120,0.11,4765.48
1,2,180,0.04,2530.75
2,3,600,0.07,2080.7
1,9,300,0.1,698.695
1,3,420,0.16,1423.01
4,9,660,0.18,513.902
2,7,540,0.1,723.719
8,13,480,0.14,2840.45
5,7,60,0.04,2700.78
8,11,660,0.07,2753.82
2,13,420,0.19,11.8359
1,11,60,0.18,12.1893
7,9,300,0.05,2360.62
7,13,300,0.14,1680.12
1,13,660,0.09,11.2883
8,9,180,0.03,3466.41
9,11,660,0.1,4434.91
7,10,300,0.07,2080.43
11,13,480,0.03,7944.82
6,9,600,0.15,546.319
1,8,720,0.09,1193.81
8,10,660,0.07,3173.96
8,12,360,0.2,2905.39
3,5,120,0.14,1565.83
4,9,540,0.11,609.227
6,12,240,0.05,3236.43
4,12,480,0.1,133.803
5,13,720,0.08,10.7591
6,9,720,0.07,1838.6
3,6,720,0.2,865.705
1,7,360,0.01,2743.85
8,11,60,0.01,3608.65
2,7,480,0.05,2642.91
1,4,120,0.08,2537.88
4,12,120,0.01,3029.52
9,12,60,0.19,4704.2
1,5,720,0.03,2436.64
8,12,420,0.03,3242.85
2,13,120,0.17,11.7943
9,12,300,0.09,4698.95
1,5,240,0.19,1217.61
5,9,300,0.16,583.322
2,3,300,0.04,2403.24
6,12,120,0.05,3116.61
1,2,60,0.08,2584.82
3,4,360,0.11,1592.47
12,13,360,0.12,10190.5
5,13,120,0.1,11.7401
2,12,120,0.16,140.344
5,6,600,0.11,1106.69
6,13,720,0.15,11.7686
10,12,360,0.16,6401.55
5,11,420,0.17,11.6537
4,6,540,0.2,861.862
2,5,360,0.04,2454.15
1,6,660,0.1,1185.2
4,13,600,0.16,11.7949
4,7,360,0.07,2177.87
4,11,300,0.06,2885.42
1,3,180,0.03,2566.31
5,8,420,0.05,2662.95
3,6,600,0.1,1185.98
3,10,120,0.01,2905.04
11,13,420,0.07,8280.18
1,11,180,0.09,1260.99
3,5,180,0.15,1420.01
4,7,660,0.18,552.602
6,11,240,0.01,2868.74
10,11,180,0.03,6378.75
2,10,360,0.07,2503.63
4,5,600,0.15,1149.61
5,6,480,0.2,869.077
1,10,540,0.05,2818.67
2,3,660,0.15,1416.4
3,10,540,0.06,2532.82
2,13,720,0.05,12.7936
4,10,720,0.15,466.721
1,2,60,0.2,2060.66
3,9,720,0.05,2615.74
1,10,360,0.09,1495.53
4,7,600,0.1,706.374
8,12,360,0.01,3352.88
6,11,420,0.08,1871.06
7,12,720,0.05,2152.99
5,10,240,0.17,537.744
12,13,660,0.16,9860.52
3,5,480,0.03,2437.83
3,6,720,0.01,2599.12
5,11,240,0.13,11.6912
3,11,60,0.09,1322.85
1,8,240,0.07,2421.5
1,9,420,0.17,541.204
2,3,540,0.18,1338.88
1,9,600,0.18,515.958
8,13,660,0.18,2740.72
6,12,180,0.08,2071.98
8,12,660,0.02,3156.05
7,9,480,0.17,2048.73
6,8,540,0.18,543.977
3,13,360,0.18,11.8173
7,10,420,0.05,2268.54
6,13,540,0.02,2374.61
8,13,180,0.19,2861.14
10,13,540,0.07,6352.65
9,11,660,0.13,4387.61
2,10,600,0.02,2838.57
2,10,660,0.09,1289.53
9,13,480,0.06,4519.67
4,10,480,0.08,1911.17
3,11,240,0.06,3006.49
5,9,720,0.19,507.989
2,4,300,0.09,2055.11
7,13,360,0.18,1692.61
4,13,360,0.2,11.866
5,7,240,0.19,639.299
5,13,660,0.11,11.73
6,12,600,0.03,2698.59
6,11,480,0.09,938.332
8,11,600,0.09,2782.99
1,3,540,0.09,1928.5
12,13,420,0.18,9877.86
9,12,360,0.07,4633.34
4,10,660,0.14,478.957
5,8,180,0.15,688.341
11,13,660,0.16,7984.07
7,11,720,0.03,2370.28
2,7,360,0.15,625.278
6,10,60,0.06,2619.76
1,4,120,0.07,2579.1
9,10,60,0.02,5146.38
5,10,120,0.16,596.746
9,12,300,0.1,4711.97
1,9,120,0.2,649.283
9,12,300,0.07,4652.5
1,5,240,0.01,2671.21
6,7,300,0.2,593.11
6,13,660,0.2,11.7087
1,12,420,0.09,1218.59
1,2,720,0.07,2132.55
5,11,420,0.19,11.6308
6,7,420,0.16,594.257
6,11,180,0.02,2899.13
3,5,180,0.1,1751.34
6,7,420,0.04,2469.65
11,13,60,0.19,8075.21
5,6,480,0.16,948.177
11,12,60,0.17,8372.81
3,4,240,0.14,1521.52
5,13,300,0.11,11.7433
5,6,600,0.02,2485.98
10,11,240,0.03,6335.59
1,13,300,0.19,11.8275
3,12,720,0.02,2860.68
4,13,720,0.12,11.7384
6,9,60,0.19,741.714
3,13,480,0.01,2680.63
1,4,660,0.14,1333.29
7,10,600,0.2,1952.68
8,10,660,0.16,3039.1
4,6,600,0.08,1796.57
12,13,420,0.01,9346.78
1,8,60,0.16,807.064
4,10,60,0.15,630.9
4,12,180,0.15,136.201
7,8,240,0.16,2115.31
9,12,720,0.12,4548.22
1,4,120,0.04,2593.72
1,8,660,0.17,540.737
2,8,540,0.03,2785.46
1,2,420,0.05,2337.08
2,11,240,0.19,11.7636
8,11,420,0.01,3342.21
3,4,360,0.02,2507.98
3,7,120,0.2,767.597
9,10,420,0.14,4532.56
10,11,720,0.04,5993.42
4,13,540,0.1,11.7147
10,12,480,0.04,6177.06
3,11,60,0.18,12.1873
5,13,180,0.05,16.8134
9,11,300,0.06,4412.7
9,13,180,0.2,4403.43
1,6,120,0.12,1327.34
7,10,540,0.07,2021.87
4,9,120,0.2,652.212
6,7,600,0.1,715.212
5,11,420,0.1,11.6371
11,12,540,0.11,8357.58
9,11,360,0.15,4430.38
6,11,180,0.19,11.7739
2,7,60,0.13,892.783
12,13,660,0.15,9902.45
10,13,180,0.09,6510.14
4,5,60,0.12,1759.82
9,10,180,0.12,4637.93
2,11,480,0.02,3005.17
4,10,120,0.18,584.051
2,13,60,0.09,11.1963
4,11,180,0.16,11.7731
8,13,180,0.1,2978.56
4,7,180,0.17,695.47
8,9,240,0.03,3414.43
3,10,720,0.01,2701.93
2,5,120,0.08,2395.53
5,12,300,0.15,135.968
5,13,60,0.03,2349.88
6,8,540,0.13,601.069
6,12,240,0.16,136.433
1,6,480,0.1,1261.36
5,9,240,0.16,609.797
11,12,240,0.05,8291.12
1,12,480,0.07,2815.73
8,12,420,0.06,2951.93
2,5,180,0.05,2543.47
4,7,180,0.16,706.482
4,13,240,0.14,11.7615
12,13,660,0.2,9691.69
8,11,180,0.06,2997.45
2,10,480,0.06,2688.8
5,6,180,0.07,2231.79
4,8,360,0.05,2742.59
6,7,60,0.03,2642.83
5,8,120,0.14,744.477
4,8,240,0.05,2783.76
7,11,540,0.13,1698.62
3,4,540,0.04,2312.23
5,8,180,0.05,2752.9
8,13,720,0.1,2873.06
1,7,420,0.13,660.131
2,12,480,0.12,134.191
2,12,720,0.05,3188.37
7,8,480,0.03,2558.41
4,11,300,0.03,2998.39
3,7,300,0.07,2301.84
6,9,60,0.14,742.19
2,3,600,0.17,1357.11
6,11,720,0.12,11.5705
3,6,300,0.06,2471.36
1,4,660,0.11,1487.53
1,6,480,0.03,2515.59
7,12,600,0.08,1755.23
8,11,480,0.11,2782.08
5,12,600,0.17,135.243
7,8,660,0.05,2258.19
1,10,480,0.16,486.948
1,10,300,0.05,2987.06
9,10,420,0.12,4569.23
5,7,360,0.03,2584.32
2,6,60,0.14,1400.72
9,13,660,0.07,4500.77
6,13,540,0.11,11.7354
6,8,180,0.17,672.663
8,9,300,0.13,3423.44
1,7,420,0.2,569.446
1,7,540,0.08,1883.29
2,6,120,0.18,1219.19
10,13,60,0.12,6473.73
10,13,420,0.02,5909.91
5,7,420,0.15,608.956
3,12,540,0.09,1038.41
9,12,180,0.17,4629.69
1,7,420,0.14,635.553
4,9,660,0.05,2626.59
2,5,720,0.01,2584.07
9,12,660,0.2,4443.07
2,13,120,0.06,11.5787
1,7,180,0.04,2850.44
10,13,600,0.2,6058.35
2,10,540,0.19,451.659
3,7,240,0.05,2702.5
2,11,120,0.14,11.702
3,4,480,0.03,2393.32
3,9,480,0.15,557.118
3,13,120,0.17,11.791
3,6,120,0.19,1225.07
11,12,300,0.11,8494.59
11,13,720,0.09,8212.18
7,11,420,0.02,2625.56
3,11,660,0.04,2767.38
10,13,60,0.09,6567.49
7,8,120,0.03,2745.15
4,6,240,0.08,2020.36
6,11,300,0.16,11.7006
3,9,300,0.17,573.085
4,8,660,0.08,1701.69
9,12,480,0.04,4455.19
3,11,420,0.08,2021.23
1,7,240,0.2,611.406
2,7,300,0.19,593.92
9,12,480,0.18,4530.96
11,13,480,0.19,7934.32
2,6,660,0.19,868.793
11,13,480,0.2,7891.23
1,9,180,0.11,713.884
5,11,660,0.09,865.755
10,11,420,0.06,6113.33
3,7,60,0.09,1685.41
1,7,720,0.03,2534.21
4,11,360,0.13,11.6919
2,11,360,0.19,11.6808
1,10,720,0.12,491.306
8,9,360,0.05,3358.65
2,4,420,0.06,2302.18
7,13,420,0.17,1694.72
3,7,600,0.11,674.626
1,8,720,0.19,528.919
10,13,240,0.15,6285.99
3,11,240,0.01,2946.21
5,6,240,0.17,1027.26
2,10,420,0.19,467.172
2,13,600,0.05,12.8814
3,9,600,0.09,1314.16
2,5,540,0.16,1125.83
11,12,480,0.06,8319.97
8,12,720,0.16,2860.43
2,8,180,0.13,702.588
4,7,480,0.11,695.534
1,3,540,0.16,1408.26
9,12,720,0.19,4438.75
2,11,300,0.13,11.7181
6,7,480,0.16,584.802
1,6,600,0.05,2464.75
9,11,180,0.07,4487.67
5,9,540,0.2,516.267
5,12,120,0.09,1210.11
1,11,60,0.12,11.9278
4,9,420,0.18,536.37
1,2,240,0.18,1719.32
5,11,660,0.04,2658.65
12,13,660,0.12,10015.2
8,10,60,0.03,3610.35
10,12,180,0.07,6561.83
1,5,600,0.04,2407.05
4,11,300,0.04,2972.59
7,9,240,0.02,2700.18
9,12,420,0.04,4479.66
1,9,180,0.09,1701.2
3,13,240,0.07,10.2297
7,9,60,0.16,2273.08
1,6,360,0.03,2546.95
11,13,480,0.09,8304.42
3,12,60,0.01,3093.92
10,13,540,0.05,6276.73
4,10,480,0.09,1341.39
9,13,300,0.05,4538.99
3,7,600,0.18,555.96
6,10,60,0.19,649.229
3,11,660,0.05,2739.55
4,5,60,0.15,1649.76
3,10,300,0.08,2137.69
11,12,240,0.2,8159.69
1,13,180,0.17,11.7805
6,11,240,0.09,1110.12
3,5,600,0.03,2432.66
1,7,300,0.06,2680.39
1,9,480,0.04,2933.67
3,5,60,0.2,1586.75
3,11,420,0.14,11.6802
6,10,540,0.1,574.778
5,12,180,0.03,3052.29
1,6,360,0.06,2530.45
10,13,720,0.07,6291.94
8,12,120,0.02,3455.79
5,12,480,0.16,135.911
2,7,120,0.19,765.06
5,9,360,0.04,2771.67
2,4,540,0.13,1403.52
7,11,540,0.11,1707.79
5,8,300,0.05,2700.18
4,11,660,0.04,2708.44
5,11,660,0.03,2737.41
9,13,480,0.18,4351.96
2,7,360,0.09,1478.04
5,8,60,0.04,2891.44
7,8,600,0.07,2024.7
3,9,720,0.15,526.526
4,8,240,0.17,619.214
4,6,480,0.05,2370.22
7,11,480,0.08,1686.83
4,7,660,0.17,555.957
2,3,300,0.09,2080.76
2,4,300,0.14,1453.35
2,9,360,0.18,544.026
1,9,240,0.16,624.026
5,12,540,0.13,134.057
1,6,60,0.18,1345.12
5,13,480,0.18,11.8362
2,12,120,0.13,139.672
3,12,480,0.16,135.867
4,7,540,0.17,561.778
4,9,600,0.12,574.789
3,4,420,0.11,1558.5
7,12,120,0.1,1816.06
1,5,600,0.17,1091.42
5,7,540,0.07,1960.17
1,4,480,0.19,1193.84
7,13,300,0.02,2293.58
5,6,60,0.12,1423.81
11,13,540,0.14,8109
2,5,480,0.04,2424.52
5,10,600,0.08,1722.37
7,8,300,0.01,2766.54
5,6,60,0.04,2553.86
11,13,420,0.06,8232.09
6,9,120,0.06,2486.16
4,10,720,0.03,2745.37
5,11,60,0.12,11.9086
10,13,240,0.11,6435.41
3,8,660,0.19,530.14
6,10,180,0.16,572.761
6,7,240,0.09,1401.49
2,12,660,0.17,134.42
7,12,300,0.09,1764.93
6,8,420,0.07,2071.53
4,10,540,0.04,2836.57
2,3,660,0.01,2485.31
9,11,240,0.17,4430.25
6,8,420,0.08,1772.75
8,12,600,0.06,2910.26
6,13,360,0.02,2461.3
4,9,600,0.11,592.787
1,2,180,0.15,1910.7
3,12,540,0.17,135.913
7,12,120,0.06,2014.82
5,12,240,0.08,2083.11
2,3,180,0.15,1769.02
7,12,540,0.2,1798.54
2,8,300,0.07,2355.58
5,13,180,0.02,2564.66
5,12,300,0.08,2042.86
7,8,540,0.08,2003.2
4,6,540,0.05,2357.17
2,8,540,0.11,634.65
10,11,300,0.13,6389.09
6,11,180,0.08,2117.21
8,9,660,0.17,3202.17
3,8,540,0.03,2769.44
6,11,600,0.1,11.6025
10,11,300,0.02,6388.41
2,3,720,0.08,1942.22
1,11,240,0.03,3156.85
6,10,480,0.16,485.568
10,13,480,0.05,6293.05
6,7,720,0.01,2533.24
4,6,660,0.18,885.291
4,6,420,0.05,2382.12
8,13,120,0.1,2999.75
9,12,420,0.18,4549.48
1,11,720,0.08,1854.8
4,12,180,0.14,135.878
7,10,420,0.16,1995.91
7,11,60,0.04,2553.16
5,10,240,0.09,1515.03
3,9,660,0.05,2676.29
10,12,60,0.08,6630.79
4,11,300,0.2,11.6956
5,8,540,0.19,537.639
4,8,540,0.18,544.675
2,3,60,0.12,2183.1
1,12,600,0.08,1969.21
5,10,60,0.11,676.554
1,2,480,0.03,2432.45
3,11,180,0.13,11.6907
5,8,60,0.08,2053.01
10,11,360,0.12,6392.77
6,13,660,0.18,11.7238
4,11,600,0.18,11.4936
4,13,300,0.05,14.2743
5,13,360,0.13,11.7537
2,8,420,0.18,557.874
6,8,660,0.1,644.418
1,13,420,0.16,11.7703
2,10,480,0.12,537.277
6,10,240,0.16,541.806
4,5,660,0.05,2237.12
8,13,420,0.14,2854.85
4,5,420,0.1,1522.9
3,7,60,0.14,885.05
3,8,600,0.13,590.205
5,6,540,0.04,2370.07
6,7,420,0.02,2518.4
7,8,720,0.18,2153.83
7,8,120,0.19,2246.23
7,11,180,0.02,2768.23
1,8,60,0.03,3007.36
7,12,240,0.12,1805.19
1,3,720,0.15,1415.8
6,10,540,0.07,1972.89
2,12,60,0.13,127.636
6,13,60,0.13,11.7882
12,13,420,0.11,10201.1
5,6,720,0.08,1704.34
5,9,540,0.02,2757.14
10,13,180,0.03,6201.13
1,3,240,0.05,2438.5
8,10,240,0.11,3109.53
1,7,720,0.04,2534.25
1,5,120,0.1,1911
7,10,600,0.18,1968.05
4,9,660,0.17,519.249
1,3,720,0.17,1347.89
5,10,420,0.13,539.526
4,12,240,0.17,136.637
5,12,300,0.02,2970.33
2,11,540,0.16,11.5975
2,12,600,0.11,131.484
5,8,360,0.11,679.136
7,10,240,0.12,2061.14
8,12,480,0.08,2920.36
8,11,480,0.15,2753.61
3,11,300,0.14,11.723
1,6,660,0.18,876.946
3,8,60,0.04,3014.46
5,8,240,0.18,611.929
1,2,720,0.1,1771.18
2,3,420,0.07,2157.15
2,9,240,0.13,648.463
12,13,480,0.11,10163.7
4,8,660,0.15,550.478
4,11,300,0.19,11.7245
3,9,60,0.12,757.442
3,13,360,0.11,11.7327
9,10,660,0.13,4525.22
5,7,660,0.05,2305.48
1,6,60,0.09,2088.82
9,10,180,0.02,5062.33
9,12,540,0.04,4432.32
2,12,600,0.06,3170.27
3,8,180,0.13,702.838
1,6,720,0.2,863.584
6,10,180,0.14,590.725
1,6,600,0.03,2491.28
1,11,600,0.11,11.638
4,8,420,0.03,2782.11
2,10,420,0.12,547.288
9,10,300,0.12,4595.33
2,11,180,0.15,11.7431
2,4,180,0.19,1528.32
5,7,720,0.14,600.315
6,9,600,0.19,516.703
11,13,720,0.14,8037.6
1,13,60,0.14,11.7795
7,9,660,0.08,1972.98
1,2,300,0.07,2294.63
2,12,360,0.01,2982.98
2,4,420,0.18,1231.01
5,6,360,0.18,918.34
2,7,360,0.12,697.028
4,7,300,0.04,2642.42
11,13,480,0.11,8250.87
5,12,240,0.02,3000.96
5,8,180,0.16,677.927
2,9,420,0.04,2918.55
5,8,300,0.19,573.673
6,11,720,0.19,11.4674
2,11,660,0.12,11.6226
9,13,300,0.17,4414.46
5,9,660,0.03,2714.81
5,8,720,0.19,525.851
6,13,240,0.06,11.0875
1,7,180,0.16,693.123
12,13,720,0.06,9970.41
5,13,420,0.15,11.7828
8,12,120,0.01,3497.73
10,12,540,0.04,6139.56
7,13,660,0.14,1685.36
10,12,480,0.2,6254.84
5,11,300,0.19,11.7201
3,8,360,0.1,719.689
3,10,660,0.06,2395.8
2,10,720,0.16,455.369
4,13,420,0.14,11.7608
4,5,540,0.1,1480.64
4,7,60,0.14,882.269
2,6,120,0.07,2540.53
4,10,660,0.06,2335.29
3,10,120,0.11,639.01
3,8,120,0.08,2124.74
2,11,660,0.1,11.5067
1,13,720,0.1,11.5334
4,7,480,0.05,2539.36
7,9,480,0.08,2008.19
3,11,660,0.07,2333.9
3,5,720,0.15,1129.03
9,10,660,0.03,4909.08
4,6,180,0.17,1120.06
4,6,720,0.19,874.556
6,7,540,0.04,2422.44
3,12,480,0.06,3221.28
9,10,360,0.07,4572.83
8,9,360,0.03,3345.64
6,10,420,0.15,510.815
2,7,540,0.16,575.435
9,10,120,0.18,4607.08
2,12,180,0.04,3384.94
6,8,480,0.01,2661.57
3,4,300,0.03,2468.41
3,6,360,0.2,891.68
1,3,120,0.19,1809.06
5,12,300,0.13,134.532
2,3,540,0.11,1617.13
3,10,720,0.2,442.801
8,9,540,0.05,3295.95
5,7,600,0.15,585.103
2,6,660,0.14,967.805
1,10,240,0.17,558.285
1,10,420,0.07,2489.91
4,13,600,0.11,11.7237
2,6,600,0.1,1198.67
5,9,660,0.16,526.535
3,13,300,0.1,11.7211
9,12,180,0.2,4586.71
1,12,420,0.03,3134.79
1,9,660,0.16,521.633
2,3,360,0.1,1814.23
8,12,180,0.12,3026.14
4,8,120,0.04,2914.88
5,7,60,0.17,858.736
2,7,660,0.14,597.643
8,11,240,0.11,2829.57
6,13,240,0.19,11.8502
7,8,300,0.1,2139.78
1,5,300,0.04,2491.41
6,8,180,0.14,710.237
3,12,300,0.01,2984.89
8,9,60,0.13,3644.64
7,11,300,0.14,1689.86
5,13,360,0.11,11.739
2,5,480,0.11,1351.35
5,13,240,0.07,10.1907
8,12,660,0.12,2928.76
3,12,540,0.2,135.974
1,6,60,0.07,2618.11
10,12,180,0.15,6465.03
8,9,120,0.17,3518.25
11,13,660,0.04,8028.32
2,10,60,0.02,3036.62
11,13,600,0.19,7901.73
2,7,180,0.18,683.717
7,12,360,0.12,1794.94
11,13,240,0.19,7987.66
7,12,540,0.01,2649.55
3,7,480,0.16,580.189
2,10,300,0.19,491.698
10,12,540,0.18,6294.94
5,11,480,0.18,11.6
11,12,240,0.15,8344.69
5,9,540,0.07,2050.81
9,11,180,0.12,4564.9
4,6,60,0.12,1441.3
3,8,540,0.07,2185.34
3,6,300,0.1,1306.52
9,11,540,0.2,4253.9
6,8,420,0.04,2635.83
10,11,300,0.06,6158.8
4,8,480,0.11,642.885
4,7,120,0.15,788.51
1,5,60,0.01,2728.12
1,11,240,0.08,2195.26
5,6,540,0.12,1069.83
10,12,600,0.17,6286.86
9,10,180,0.2,4525.49
8,13,540,0.03,2817.22
5,13,480,0.19,11.8582
4,5,60,0.02,2624.63
7,12,480,0.08,1768.01
10,12,120,0.2,6388.77
1,6,660,0.11,1073.01
7,11,660,0.03,2403.76
3,12,60,0.11,104.734
7,11,720,0.19,1742.27
3,7,240,0.18,632.272
3,7,660,0.04,2537.05
10,12,600,0.02,6013.33
3,10,60,0.17,629.247
5,7,300,0.15,649.606
7,11,420,0.15,1692.72
6,11,420,0.06,2530.32
4,8,360,0.01,2749.01
7,13,480,0.05,1844.01
6,11,420,0.15,11.6633
1,6,720,0.12,1024.3
4,10,600,0.14,485.618
1,5,720,0.16,1105.27
1,5,360,0.08,2185.08
3,9,360,0.11,652.514
4,12,120,0.02,3146.63
8,9,540,0.19,3168.94
3,4,240,0.11,1710.46
1,2,540,0.13,1649.74
4,10,240,0.16,551.262
6,11,540,0.14,11.6257
5,8,600,0.14,573.106
2,6,360,0.02,2564.28
3,12,540,0.08,1945.63
6,11,480,0.14,11.6421
5,6,360,0.11,1172.31
7,13,180,0.01,2479.25
6,8,60,0.14,808.321
10,12,720,0.07,6336.2
7,12,120,0.02,2773.81
1,8,540,0.16,557.315
1,10,240,0.11,607.653
4,7,180,0.1,822.018
3,8,600,0.2,531.134
10,12,540,0.19,6270.47
3,9,540,0.12,585.162
7,10,540,0.2,1957.24
4,12,660,0.19,134.306
4,8,600,0.09,1238.92
5,13,720,0.1,11.7149
2,6,60,0.03,2653.64
2,6,420,0.13,1050.73
5,7,420,0.14,633.609
3,4,180,0.07,2346.59
3,13,540,0.17,11.8058
6,10,360,0.01,2785.75
3,5,480,0.15,1164.79
1,5,480,0.14,1194.78
2,3,600,0.19,1309.47
5,9,660,0.01,2725.02
8,9,420,0.02,3345.19
2,4,300,0.04,2467.7
8,12,180,0.01,3458.97
7,12,240,0.19,1802.36
2,9,300,0.05,2900.26
8,9,540,0.02,3307.65
6,8,420,0.18,561.18
2,7,600,0.02,2608.4
6,11,240,0.13,11.6805
7,13,600,0.09,1610.35
8,10,420,0.04,3315.85
2,9,60,0.18,731.714
1,5,660,0.05,2345.86
8,13,600,0.12,2866.25
4,13,60,0.2,11.9182
8,12,480,0.18,2893.8
1,5,360,0.03,2493.37
7,13,660,0.16,1695.89
3,12,240,0.13,136.112
8,12,600,0.02,3179.06
5,10,300,0.19,490.078
5,10,60,0.16,637.262
7,13,720,0.2,1717.24
5,6,60,0.15,1374.73
9,11,240,0.04,4686.55
1,5,660,0.17,1088.9
8,9,660,0.14,3298.78
7,8,360,0.12,2108.24
4,6,360,0.04,2456.72
1,5,60,0.07,2672.32
8,12,360,0.17,2950
3,9,420,0.16,555.539
1,8,120,0.08,2210.42
4,13,600,0.01,2608.29
1,4,600,0.14,1338.95
3,6,120,0.03,2591.02
7,10,480,0.1,2013.66
1,9,180,0.03,3012.67
7,11,300,0.08,1708.97
6,13,60,0.03,2317.15
6,7,720,0.08,1568.93
3,11,480,0.04,2914.4
1,3,600,0.14,1480.19
1,6,300,0.19,920.759
4,9,180,0.14,657.158
9,11,240,0.13,4518.51
3,10,600,0.1,573.851
1,8,120,0.02,2890.12
3,12,540,0.12,133.556
3,10,600,0.14,484.919
7,13,240,0.17,1681.85
1,10,120,0.14,612.547
6,10,600,0.13,504.499
7,8,180,0.01,2818.52
6,9,540,0.11,610.61
4,6,660,0.19,871.952
5,11,600,0.16,11.5262
2,7,720,0.09,1251.14
3,7,360,0.15,626.417
1,2,420,0.01,2606.19
2,11,360,0.08,2095.41
2,11,480,0.15,11.6606
12,13,420,0.06,10135.2
1,6,420,0.19,884.814
11,13,480,0.18,7976.12
