1;0.99;91;17;1745;73
2;0.974;81;24;1608;89
3;0.561;87;15;1925;85
4;0.456;107;11;2488;97
5;0.513;103;16;1522;86
6;0.35;94;28;1520;98
7;0.513;96;31;1616;92
8;0.916;96;21;1972;75
9;0.755;108;27;2471;93
10;0.814;95;35;2496;76
11;0.472;98;25;2271;92
1;0.949;92;39;1929;97
2;0.962;106;22;1599;86
3;0.3;86;23;1712;88
4;0.647;97;31;2337;75
5;0.663;103;14;1981;81
6;0.39;88;24;1648;98
7;0.592;82;36;2207;94
8;0.302;92;25;2033;73
9;0.809;100;14;1708;80
10;0.879;106;17;2074;87
11;0.384;85;33;2299;78
12;0.533;90;30;2060;78
13;0.95;81;26;1667;91
14;0.999;92;11;1886;71
1;0.362;108;32;2302;98
2;0.551;97;21;1957;86
3;0.55;97;11;2339;85
4;0.559;87;11;2147;80
5;0.545;95;35;2140;99
6;0.927;106;15;1587;98
7;0.377;103;22;2056;88
8;0.752;84;39;1643;82
9;0.303;85;40;2011;72
10;0.803;81;12;2070;98
11;0.849;106;30;1617;97
12;0.336;87;15;1515;90
13;0.489;103;28;1927;74
1;0.408;108;13;1878;86
2;0.75;91;24;2010;99
3;0.663;89;32;1985;91
4;0.456;101;33;2383;71
5;0.81;84;20;2160;83
6;0.721;84;38;1795;79
7;0.525;97;22;2472;89
8;0.366;110;19;2366;98
9;0.636;102;30;2107;87
10;0.861;87;10;2461;99
11;0.495;109;37;1654;81
12;0.371;98;39;1686;95
13;0.688;95;28;1914;78
14;0.444;102;15;1584;85
15;0.679;106;15;2111;77
1;0.824;83;18;2047;97
2;0.774;108;14;1847;78
3;0.5;90;23;1813;96
4;0.754;109;37;2123;75
5;0.653;94;29;2328;99
6;0.321;98;20;1985;97
7;0.507;92;26;1726;71
8;0.366;105;31;1756;77
9;0.756;95;10;1546;81
1;0.656;97;31;1818;83
2;0.3;93;37;1590;96
3;0.691;110;38;2457;95
4;0.937;97;22;2447;86
5;0.671;102;31;2413;89
6;0.764;100;17;1600;89
7;0.892;97;27;2414;95
8;0.792;84;31;2387;80
9;0.596;92;35;1666;75
10;0.95;86;27;1896;72
11;0.681;89;32;1717;93
1;0.933;84;23;1970;85
2;0.522;110;13;1832;89
3;0.451;109;19;2399;73
4;0.459;81;14;1946;98
5;0.58;82;23;1518;98
6;0.659;84;15;1577;95
7;0.703;82;23;2196;73
8;0.823;89;25;2447;76
9;0.985;105;39;2272;79
10;0.565;85;36;2241;98
11;0.756;107;29;1681;72
12;0.783;89;22;2085;98
13;0.864;86;40;1554;98
14;0.738;91;21;1579;83
15;0.86;95;20;2365;73
1;0.369;106;33;2157;77
2;0.379;109;34;1994;82
3;0.314;104;16;2191;77
4;0.717;98;34;2364;88
5;0.688;98;25;1690;74
6;0.302;110;28;1873;84
7;0.412;108;24;1777;75
8;0.959;105;13;1869;76
9;0.658;96;24;2419;72
10;0.679;93;21;2030;94
11;0.832;100;31;1542;78
1;0.758;103;12;2440;79
2;0.721;85;31;2417;98
3;0.937;95;35;2338;84
4;0.591;81;38;1534;85
5;0.674;95;40;2262;84
6;0.665;100;10;2211;96
7;0.472;100;28;1798;85
8;0.467;80;23;1502;80
9;0.601;94;33;1526;84
10;0.838;108;22;1694;88
11;0.936;95;17;2029;74
1;0.714;80;30;1590;76
2;0.616;83;31;2301;98
3;0.748;108;19;1794;87
4;0.329;94;21;1801;82
5;0.654;84;15;1789;83
6;0.961;82;19;1738;99
7;0.383;93;15;2157;79
8;0.735;91;29;2210;94
9;0.751;94;13;1683;78
10;0.591;107;39;1938;71
11;0.967;101;18;1806;75
12;0.979;95;10;2195;86
1;0.586;95;12;1991;73
2;0.836;103;20;2017;76
3;0.879;84;16;2394;70
4;0.368;102;30;1890;89
5;0.511;87;13;2088;96
6;0.871;110;39;2203;75
7;0.397;95;10;2208;90
8;0.686;92;10;1720;93
9;0.489;84;25;1775;73
10;0.723;98;34;1866;73
11;0.334;102;29;2017;84
12;0.621;98;20;1781;91
13;0.763;102;14;1886;70
14;0.449;92;23;2285;90
1;0.59;100;27;2493;70
2;0.94;96;35;2195;71
3;0.401;89;35;1939;94
4;0.751;97;23;1770;94
5;0.748;85;37;2182;93
6;0.491;108;10;1825;82
7;0.664;81;19;1635;81
8;0.377;94;28;2360;77
9;0.413;104;16;1950;79
10;0.892;89;15;2044;78
11;0.422;85;20;2440;79
12;0.838;105;23;2415;98
1;0.981;96;33;1706;99
2;0.533;107;22;1867;89
3;0.397;87;20;1516;80
4;0.557;95;35;1677;80
5;0.534;91;12;2309;99
6;0.402;90;10;2114;73
7;0.876;96;28;1885;71
8;0.372;101;18;2199;95
9;0.677;83;39;1589;92
10;0.457;105;22;2405;90
11;0.887;86;38;2174;87
1;0.655;88;11;2322;98
2;0.632;87;32;2210;72
3;0.545;81;29;1852;93
4;0.33;88;29;2249;83
5;0.916;101;25;2454;70
6;0.851;102;21;2421;88
7;0.335;84;15;1885;74
8;0.302;85;35;1591;93
9;0.605;102;35;2130;92
10;0.737;98;13;1818;97
11;0.624;97;16;2307;75
12;0.753;84;33;1559;83
13;0.954;104;31;2011;78
14;0.835;100;18;1870;74
15;0.606;110;19;1659;94
1;0.758;97;39;2413;73
2;0.821;101;25;1577;85
3;0.489;94;32;1537;74
4;0.913;97;17;1824;90
5;0.479;100;23;2299;83
6;0.776;84;12;1555;82
7;0.787;86;29;1767;83
1;0.991;84;23;1796;70
2;0.99;100;19;1649;74
3;0.585;86;29;2342;82
4;0.598;81;34;2157;96
5;0.835;84;12;2361;87
6;0.762;91;22;1871;73
7;0.817;91;33;2403;86
8;0.632;93;13;1757;99
9;0.776;86;14;1755;89
10;0.668;102;30;1750;74
11;0.619;101;10;1889;94
12;0.776;102;24;2300;74
1;0.548;102;15;2053;79
2;0.66;92;26;2060;90
3;0.747;82;14;2436;76
4;0.306;88;22;2306;80
5;0.429;104;21;2009;74
6;0.986;98;36;1522;79
7;0.44;81;39;2238;74
8;0.654;97;26;1794;85
9;0.434;92;33;1669;86
10;0.989;92;39;2119;80
1;0.446;80;23;1699;72
2;0.8;104;13;1536;98
3;0.864;110;39;1846;74
4;0.382;98;39;1540;97
5;0.484;101;17;1893;72
6;0.512;81;36;2445;90
7;0.418;95;33;2069;71
8;0.569;103;34;2308;87
9;0.433;108;30;1978;78
10;0.963;101;36;1587;93
11;0.708;104;40;1840;75
12;0.811;82;29;1588;96
13;0.8;80;13;2293;98
1;0.949;82;15;2249;83
2;0.486;105;10;2473;91
3;0.457;100;17;2390;94
4;0.858;87;34;2292;82
5;0.676;88;15;1875;70
6;0.628;98;19;2088;80
7;0.444;94;23;2287;97
8;0.554;85;38;2185;92
9;0.795;97;17;2391;86
10;0.91;103;19;1841;90
11;0.51;102;31;2458;81
12;0.703;99;11;1956;71
13;0.633;110;17;2327;96
14;0.625;95;25;1576;80
15;0.454;105;13;2269;93
1;0.566;97;13;1643;97
2;0.708;92;15;2479;83
3;0.689;83;21;1512;81
4;0.996;108;25;2165;96
5;0.963;109;26;2481;78
6;0.88;85;26;1909;70
7;0.534;100;12;1905;75
8;0.76;80;36;1767;74
1;0.544;106;26;1680;71
2;0.753;82;21;1806;96
3;0.606;80;23;1971;77
4;0.859;107;13;1624;98
5;0.441;91;21;2413;71
6;0.437;80;11;2362;85
7;0.814;106;38;2315;72
8;0.793;95;34;1903;74
9;0.315;110;27;2247;83
10;0.682;105;10;1785;75
1;0.646;102;27;2032;83
2;0.701;103;20;2370;73
3;0.536;99;30;2017;99
4;0.548;88;10;2150;84
5;0.712;99;21;2485;95
6;0.532;101;28;1975;97
7;0.351;80;24;2398;91
8;0.434;101;27;2005;70
9;0.903;84;15;1669;85
10;0.581;110;29;2461;87
11;0.439;102;30;2134;95
12;0.702;94;21;2496;86
1;0.391;96;23;2196;84
2;0.869;87;34;2303;92
3;0.387;108;29;2374;94
4;0.763;110;31;1503;89
5;0.483;88;13;1612;71
6;0.556;107;17;1608;87
7;0.606;99;30;2460;71
8;0.401;95;10;1777;85
1;0.635;89;22;1946;76
2;0.553;108;18;2272;99
3;0.394;83;19;2428;79
4;0.874;90;13;1782;83
5;0.426;95;29;1906;90
6;0.887;108;10;1513;90
7;0.823;96;26;1527;83
8;0.528;86;19;1871;71
9;0.939;96;17;1986;85
10;0.506;96;35;1652;87
11;0.559;97;38;2493;82
12;0.994;97;13;1810;70
13;0.352;95;25;2243;97
1;0.951;95;39;2169;74
2;0.308;104;10;2252;71
3;0.731;103;19;2200;84
4;0.706;108;37;2316;91
5;0.914;85;23;1599;89
6;0.682;80;31;1724;91
7;0.606;102;28;1596;88
8;0.906;107;33;2157;88
9;0.969;109;26;2440;70
10;0.319;89;10;1881;82
11;0.385;100;20;1728;91
12;0.461;105;32;1644;81
13;0.534;87;37;1661;83
14;0.947;83;36;2017;81
1;0.707;93;17;2374;78
2;0.569;97;15;2400;90
3;0.514;100;31;2095;78
4;0.424;88;31;1582;95
5;0.35;90;10;2374;83
6;0.972;97;15;2281;87
7;0.409;99;20;2373;89
8;0.909;81;20;2433;78
9;0.514;92;13;1920;86
10;0.515;103;19;1584;71
11;0.726;110;33;2406;75
12;0.915;104;12;1532;98
13;0.479;86;22;1845;86
14;0.909;94;26;2365;73
1;0.479;91;32;2403;89
2;0.404;105;34;2291;99
3;0.64;90;32;2006;94
4;0.499;89;29;1571;97
5;0.554;83;24;1645;79
6;0.58;109;40;1514;86
7;0.325;87;11;2375;80
1;0.49;96;29;2451;97
2;0.559;97;25;1839;94
3;0.943;102;25;2375;75
4;0.509;95;23;1901;99
5;0.631;83;24;1654;91
6;0.391;95;29;2270;85
7;0.901;107;29;2418;76
8;0.506;92;36;1538;91
9;0.645;110;20;1839;90
10;0.55;93;10;2436;75
11;0.945;87;26;1876;97
12;0.992;105;14;1766;75
13;0.573;85;33;2460;81
14;0.905;85;14;2086;74
15;0.666;86;36;2186;99
1;0.43;89;20;2366;88
2;0.983;85;39;2335;98
3;0.391;100;36;2376;70
4;0.56;94;24;2287;99
5;0.803;87;10;2177;92
6;0.864;107;10;2318;74
7;0.413;106;31;2009;89
1;0.812;97;26;1614;87
2;0.61;88;37;2308;72
3;0.937;85;19;1851;81
4;0.708;101;15;1638;78
5;0.937;83;16;2393;99
6;0.449;100;15;1884;78
7;0.689;97;32;2162;86
8;0.722;99;37;1528;82
9;0.589;84;23;2389;74
10;0.846;104;31;2216;99
11;0.718;83;13;2390;79
12;0.363;108;16;2294;90
1;0.36;81;32;2196;78
2;0.518;90;19;2399;91
3;0.816;103;18;2385;83
4;0.734;86;16;1755;86
5;0.323;85;36;1645;85
6;0.515;82;25;2442;84
7;0.843;102;32;1966;85
8;0.771;91;30;2219;85
1;0.554;94;19;2077;97
2;0.536;84;36;2310;89
3;0.558;101;10;1643;75
4;0.726;101;19;2299;99
5;0.693;103;15;1513;71
6;0.555;84;25;2079;82
7;0.314;95;20;2437;95
8;0.911;96;30;1926;98
9;0.719;95;32;2152;94
10;0.652;83;33;1888;79
11;0.835;105;37;1963;86
12;0.829;104;12;1613;90
13;0.342;81;27;1941;91
14;0.443;85;18;2226;79
1;0.626;90;13;1753;73
2;0.494;110;26;1813;87
3;0.535;106;18;2121;99
4;0.895;103;25;2439;78
5;0.982;84;39;2184;95
6;0.351;84;21;2456;86
7;0.678;85;26;1732;75
8;0.311;91;16;1551;77
9;0.598;102;19;1902;86
10;0.433;107;31;1850;95
11;0.968;83;22;2026;87
12;0.425;97;19;1697;76
13;0.361;102;25;2453;72
14;0.612;88;22;1788;75
15;0.683;95;11;2250;98
1;0.444;105;23;1634;95
2;0.394;100;40;2017;73
3;0.36;104;16;2047;96
4;0.866;105;16;1850;97
5;0.703;95;33;1635;73
6;0.337;86;18;1709;94
7;0.971;91;40;2454;86
8;0.397;110;21;2173;91
9;0.3;103;19;2131;83
10;0.536;94;15;2361;92
11;0.612;103;26;2348;71
12;0.859;104;36;2414;91
13;0.588;99;39;1998;74
1;0.317;96;12;1993;87
2;0.633;110;38;1910;88
3;0.802;104;22;1777;91
4;0.901;94;31;2136;81
5;0.355;93;17;1786;94
6;0.919;82;20;1727;95
7;0.454;100;38;1900;81
8;0.796;102;13;1585;85
9;0.55;101;34;1557;86
10;0.82;95;17;2258;95
11;0.93;81;12;2072;86
12;0.726;104;27;1857;77
1;0.52;80;15;2344;74
2;0.434;107;12;1647;94
3;0.951;84;28;1751;90
4;0.68;84;12;1716;80
5;0.887;96;11;2457;79
6;0.338;86;31;2473;74
7;0.5;100;10;1964;88
8;0.71;95;34;2341;72
9;0.709;87;36;2291;98
10;0.602;102;38;1914;71
11;0.974;94;30;2107;93
12;0.887;95;23;2178;76
13;0.985;86;21;1898;86
14;0.471;100;28;1784;79
15;0.359;97;21;2246;85
1;0.493;88;10;2131;90
2;0.593;91;20;2119;76
3;0.347;90;21;1681;87
4;0.587;99;38;1585;77
5;0.453;107;30;2191;88
6;0.88;110;38;2197;87
7;0.801;102;26;1897;94
8;0.879;101;26;1890;84
9;0.989;84;40;1511;85
10;0.503;109;33;1736;71
11;0.851;82;37;2220;75
1;0.714;80;15;1559;70
2;0.671;101;12;2275;95
3;0.491;100;13;1933;71
4;0.302;105;38;1669;89
5;0.988;85;12;2004;77
6;0.726;109;12;2201;72
7;0.559;102;31;1976;74
8;0.598;103;14;2472;92
9;0.713;91;16;2439;71
10;0.428;109;20;2089;72
11;0.339;98;19;2131;93
12;0.914;82;38;2022;95
1;0.358;86;36;1722;97
2;0.793;110;32;2146;81
3;0.576;90;17;2319;92
4;0.527;83;29;2429;87
5;0.685;102;19;1674;96
6;0.865;103;33;2107;90
7;0.324;85;40;2173;88
8;0.626;102;35;2072;82
9;0.723;103;27;1982;95
1;0.598;84;26;1799;89
2;0.802;87;27;1640;84
3;0.407;106;31;1680;82
4;0.628;99;25;1579;90
5;0.824;99;15;2484;96
6;0.864;88;25;2075;96
7;0.326;107;31;1597;79
8;0.449;106;37;1657;94
9;0.577;105;30;1975;91
1;0.64;107;22;2027;97
2;0.978;90;18;2400;90
3;0.872;87;10;1992;94
4;0.372;87;27;1928;84
5;0.542;100;32;2324;80
6;0.91;106;31;1634;97
7;0.927;106;40;2456;76
8;0.955;104;31;2060;93
9;0.479;109;29;2051;77
10;0.929;95;21;1739;88
11;0.703;88;11;1758;73
12;0.899;93;29;2122;88
13;0.987;82;31;2467;70
14;0.906;89;31;1587;71
1;0.618;85;29;2242;80
2;0.807;90;19;1618;87
3;0.702;101;34;1591;99
4;0.537;85;27;1748;97
5;0.503;103;15;2457;97
6;0.617;89;32;2049;78
7;0.981;83;40;1881;93
8;0.948;110;14;2093;96
9;0.829;102;37;1739;90
10;0.46;87;19;1663;93
11;0.506;94;15;1987;79
1;0.647;87;31;2093;75
2;0.959;107;25;1653;73
3;0.409;110;32;1806;87
4;0.979;88;14;1635;70
5;0.413;110;12;2113;71
6;0.938;108;31;1937;71
7;0.443;82;10;1809;92
8;0.346;87;29;1653;92
1;0.789;105;37;2204;75
2;0.623;85;15;1807;70
3;0.557;98;22;1744;74
4;0.394;89;12;1992;79
5;0.373;110;28;1708;84
6;0.501;84;16;1851;78
7;0.534;93;15;1898;78
8;0.399;108;40;1966;73
9;0.767;89;31;2019;87
10;0.696;83;32;1891;97
11;0.755;106;31;2436;94
12;0.317;86;18;2419;88
1;0.64;104;33;2441;78
2;0.525;86;33;1890;78
3;0.721;100;21;1989;99
4;0.763;83;23;1838;99
5;0.591;98;24;2155;87
6;0.331;109;34;2398;70
7;0.582;97;27;1558;92
8;0.497;90;16;2363;75
9;0.441;89;28;2118;96
1;0.512;91;26;2328;98
2;0.853;96;16;2254;75
3;0.516;98;36;2474;91
4;0.93;96;26;2175;78
5;0.918;88;21;1902;82
6;0.34;94;18;2334;87
7;0.955;86;16;1666;93
8;0.423;100;13;1829;73
1;0.853;84;36;2355;97
2;0.426;105;35;1879;83
3;0.689;102;31;2238;91
4;0.557;94;20;2495;84
5;0.778;85;24;1947;70
6;0.654;83;32;1722;96
7;0.919;83;10;1922;73
8;0.961;98;30;2182;87
9;0.384;86;10;2136;75
1;0.979;102;27;1731;72
2;0.526;82;19;1849;80
3;0.998;81;13;1561;84
4;0.684;92;16;2024;95
5;0.574;98;24;1948;95
6;0.303;85;34;1567;77
7;0.64;103;10;2097;86
1;0.402;102;28;2369;93
2;0.648;95;34;2296;90
3;0.301;80;10;2392;85
4;0.758;101;24;2271;74
5;0.324;98;10;2367;76
6;0.624;93;34;1868;75
7;0.437;101;34;1724;77
8;0.483;92;26;1536;72
9;0.325;91;35;1682;82
10;0.836;81;33;1893;82
1;0.761;105;13;1826;70
2;0.57;89;30;2312;97
3;0.851;97;23;2186;84
4;0.999;95;28;1606;76
5;0.64;103;21;1667;98
6;0.682;93;25;1982;77
7;0.954;84;34;1718;79
8;0.669;105;28;1914;89
9;0.553;98;39;1555;88
10;0.937;84;26;1572;95
11;0.736;87;24;1620;85
1;0.663;81;17;1888;95
2;0.557;85;32;1963;79
3;0.5;96;38;1797;71
4;0.819;105;15;2210;79
5;0.841;98;28;1506;71
6;0.751;99;40;2398;90
7;0.377;89;32;2368;85
8;0.583;84;32;2036;97
9;0.728;105;35;1592;79
10;0.577;83;40;2207;74
11;0.541;85;10;2260;85
12;0.841;93;20;2429;71
13;0.308;99;17;2457;72
14;0.879;105;32;1926;79
1;0.331;100;19;2280;80
2;0.632;104;32;2003;87
3;0.555;82;28;2437;90
4;0.572;105;14;2217;88
5;0.578;106;38;1824;84
6;0.732;93;37;1741;94
7;0.881;96;29;2434;91
8;0.363;89;22;1759;84
9;0.92;97;12;1902;70
10;0.701;86;38;2034;98
1;0.932;91;21;2475;99
2;0.878;110;37;1553;88
3;0.898;95;14;2455;92
4;0.694;81;14;2086;80
5;0.547;106;11;2160;77
6;0.432;105;27;2409;72
7;0.468;85;33;2318;78
8;0.622;91;40;2108;98
9;0.831;108;16;2370;70
1;0.333;88;32;1793;71
2;0.885;83;18;2103;87
3;0.903;106;24;2347;88
4;0.357;96;27;2304;77
5;0.906;107;32;2154;71
6;0.582;92;29;2134;81
7;0.513;94;16;2371;76
8;0.666;109;10;2272;76
9;0.989;102;10;2467;97
10;0.367;89;28;1827;81
11;0.949;96;15;2114;89
12;0.74;96;38;2240;76
13;0.837;106;13;1526;82
14;0.969;94;23;1540;79
15;0.335;91;29;1819;89
1;0.759;106;30;2432;77
2;0.989;97;11;2452;81
3;0.427;100;19;2477;86
4;0.645;93;16;2392;70
5;0.916;98;24;2212;77
6;0.555;86;39;2394;91
7;0.568;110;23;2227;86
8;0.535;96;23;2306;78
9;0.437;82;18;2321;91
10;0.313;110;16;1808;70
11;0.686;97;20;2273;89
12;0.386;82;16;1566;78
1;0.656;91;10;1992;79
2;0.722;107;18;1623;88
3;0.434;86;32;2335;85
4;0.583;98;30;1598;95
5;0.898;83;33;1910;95
6;0.308;106;33;1560;71
7;0.54;100;10;1888;91
1;0.86;103;17;2041;97
2;0.862;87;24;1532;98
3;0.409;93;22;1524;70
4;0.723;105;38;1641;94
5;0.461;86;13;2051;95
6;0.483;87;38;1784;76
7;0.592;100;13;1771;85
8;0.778;106;23;1699;91
9;0.666;89;33;1835;90
10;0.788;110;13;1726;85
11;0.758;85;24;1630;79
1;0.405;101;22;2205;75
2;0.924;88;26;2303;86
3;0.359;89;15;1894;96
4;0.789;90;35;1648;85
5;0.832;92;35;1979;89
6;0.305;105;27;2435;72
7;0.474;101;29;2250;78
8;0.525;98;32;1785;85
9;0.626;81;13;2349;82
10;0.432;94;33;2187;82
11;0.435;85;11;1875;82
12;0.86;99;19;1543;72
1;0.91;86;18;1973;71
2;0.573;87;28;1763;71
3;0.389;95;40;1910;94
4;0.726;106;25;2164;79
5;0.5;99;10;1691;76
6;0.989;95;35;1987;95
7;0.312;85;19;1817;74
1;0.556;91;40;1953;78
2;0.39;83;15;1532;97
3;0.429;109;19;1569;85
4;0.988;96;27;2120;91
5;0.482;95;10;1972;88
6;0.669;95;12;1873;70
7;0.668;91;23;1797;77
8;0.711;87;38;2134;75
9;0.783;104;16;2002;73
10;0.789;98;18;1880;70
11;0.705;102;13;2175;71
12;0.514;102;25;2139;96
1;0.426;91;15;1885;90
2;0.43;86;16;1983;95
3;0.837;83;13;2238;88
4;0.931;107;26;1624;88
5;0.756;83;13;1596;95
6;0.303;106;21;2360;79
7;0.823;82;36;2047;70
8;0.629;88;39;1762;72
9;0.575;104;40;1836;91
10;0.57;81;10;2257;87
11;0.916;100;25;2060;88
12;0.907;98;27;2111;74
13;0.871;92;38;1689;90
1;0.357;97;38;1850;79
2;0.614;101;22;2171;96
3;0.568;99;28;1976;99
4;0.641;82;22;1537;88
5;0.496;102;25;1865;83
6;0.36;98;10;1766;77
7;0.618;110;24;2325;88
8;0.9;104;26;1960;81
1;0.675;101;18;2289;72
2;0.933;108;33;2091;83
3;0.701;102;26;1509;71
4;0.588;98;16;2148;80
5;0.991;103;14;2210;78
6;0.345;96;22;1934;83
7;0.305;99;40;2200;85
8;0.727;84;14;1647;77
9;0.49;98;13;2102;94
10;0.8;105;28;1783;71
11;0.987;101;36;2074;83
1;0.635;84;17;1576;89
2;0.451;85;28;1891;95
3;0.818;81;35;2076;77
4;0.843;85;12;2314;79
5;0.367;106;22;1814;98
6;0.439;98;13;1723;78
7;0.833;109;29;2334;96
8;0.388;98;23;1562;74
9;0.854;91;30;2136;80
1;0.722;95;23;1862;97
2;0.346;95;39;1979;95
3;0.95;84;12;1813;81
4;0.48;83;21;2191;73
5;0.734;96;11;2226;82
6;0.948;104;30;2196;71
7;0.551;91;12;1971;90
8;0.647;104;11;1696;90
9;0.993;92;27;2284;70
10;0.522;92;10;1889;77
11;0.378;108;37;1616;94
12;0.675;106;27;2187;98
13;0.56;80;17;2361;84
14;0.563;93;35;1692;97
1;0.44;85;18;1880;78
2;0.794;109;39;2339;76
3;0.49;85;27;2083;94
4;0.566;106;26;2268;91
5;0.702;90;17;1656;86
6;0.326;91;20;1834;85
7;0.906;110;25;1892;74
1;0.661;97;33;1643;98
2;0.923;98;28;1793;74
3;0.976;94;26;2017;74
4;0.756;82;24;2391;99
5;0.751;110;32;2404;72
6;0.791;81;19;1550;76
7;0.599;108;17;1948;88
8;0.308;92;24;1538;92
9;0.455;110;28;1991;92
10;0.48;94;18;2158;99
11;0.821;98;25;1817;85
1;0.4;104;13;2065;84
2;0.577;90;33;1783;77
3;0.835;81;39;2072;99
4;0.313;105;30;1824;73
5;0.358;86;20;1573;86
6;0.873;94;12;2193;71
7;0.688;107;25;2096;78
8;0.94;105;26;1914;90
9;0.455;110;16;1635;91
10;0.707;87;36;1777;98
11;0.328;93;39;2464;95
12;0.663;95;20;2387;94
1;0.329;97;29;2211;82
2;0.96;94;14;1674;73
3;0.476;86;13;1560;76
4;0.839;82;16;2336;84
5;0.351;84;35;2373;70
6;0.61;94;18;2086;71
7;0.697;106;11;2254;76
8;0.373;107;12;2107;94
9;0.727;100;20;2186;73
10;0.855;96;33;2168;87
11;0.962;94;31;2425;79
1;0.485;94;17;1649;73
2;0.404;90;22;1891;95
3;0.782;84;22;2379;90
4;0.437;107;34;1713;89
5;0.844;95;30;1701;73
6;0.678;101;31;2486;91
7;0.581;100;15;1793;97
8;0.645;83;23;1704;82
9;0.628;81;27;1621;97
10;0.734;95;21;2350;96
11;0.521;96;32;2079;91
12;0.702;108;23;1852;96
13;0.794;94;19;1565;99
14;0.757;105;14;2044;74
1;0.636;90;23;1993;84
2;0.528;94;22;2127;82
3;0.62;96;23;2403;90
4;0.404;100;32;1846;90
5;0.753;110;18;1806;97
6;0.52;105;12;1827;88
7;0.59;89;12;2067;90
8;0.817;88;27;2015;92
9;0.455;99;39;2442;90
10;0.905;90;35;2337;79
11;0.655;97;16;2302;79
12;0.819;90;15;2245;72
13;0.781;110;27;2143;85
14;0.786;96;19;1965;90
15;0.923;87;33;2029;97
1;0.435;94;27;2467;71
2;0.967;86;13;2143;74
3;0.361;87;20;1877;95
4;0.749;102;27;1632;96
5;0.843;105;33;2061;73
6;0.515;90;34;1760;77
7;0.366;96;20;1830;85
8;0.988;81;20;1850;73
9;0.718;80;20;2031;80
10;0.706;105;33;1618;71
11;0.482;86;40;2213;77
12;0.804;89;38;1935;95
13;0.63;107;21;2029;99
14;0.759;85;30;1541;81
15;0.864;92;31;2484;90
1;0.63;103;36;1911;83
2;0.604;94;24;2110;71
3;0.78;101;11;2470;91
4;0.331;95;34;2211;96
5;0.518;97;26;2108;72
6;0.318;94;25;2024;99
7;0.784;103;14;2021;81
8;0.56;107;38;1846;72
9;0.843;91;13;2014;97
10;0.965;104;36;2222;79
11;0.408;86;27;1863;80
12;0.919;80;15;1953;71
13;0.623;89;32;1531;73
14;0.939;84;34;2288;86
15;0.315;80;36;1651;75
1;0.974;87;27;2143;87
2;0.401;92;15;1792;75
3;0.742;107;22;2230;82
4;0.884;87;25;1933;96
5;0.7;82;13;2460;79
6;0.402;108;40;1619;76
7;0.785;107;15;2221;71
1;0.542;98;23;2130;74
2;0.878;81;18;2496;72
3;0.753;93;25;1559;78
4;0.677;98;18;1914;73
5;0.728;89;23;1816;73
6;0.424;105;38;2446;99
7;0.428;84;14;2149;97
8;0.873;106;36;1866;97
9;0.895;110;30;2340;95
10;0.601;92;11;1521;80
1;0.593;89;19;1897;72
2;0.416;87;26;1563;73
3;1;106;28;2267;98
4;0.386;106;17;2399;99
5;0.597;104;32;1506;72
6;0.394;107;38;2126;72
7;0.338;95;13;1537;94
8;0.938;99;33;2283;87
9;0.334;95;38;2254;71
10;0.81;89;15;1961;86
11;0.992;83;32;1580;79
12;0.632;108;37;1867;79
13;0.379;102;29;1616;86
14;0.708;105;23;2215;98
15;0.546;102;26;1508;93
1;0.608;110;40;1915;92
2;0.641;106;22;2248;87
3;0.8;83;23;1545;93
4;0.574;83;31;1978;92
5;0.411;108;28;1962;92
6;0.851;101;32;2127;87
7;0.89;83;34;2055;79
1;0.361;88;21;2120;77
2;0.618;80;32;1579;95
3;0.953;102;29;2089;70
4;0.516;109;31;1630;99
5;0.316;91;22;1830;84
6;0.639;104;35;1721;81
7;0.434;98;10;1809;73
8;0.908;106;32;1530;91
9;0.634;86;32;2374;77
10;0.322;80;31;1682;93
11;0.908;92;31;1810;97
12;0.59;84;40;2061;94
13;0.91;105;14;1569;71
1;0.65;98;38;2204;94
2;0.489;93;38;1514;71
3;0.877;96;18;1822;90
4;0.976;107;32;2149;70
5;0.611;94;39;2156;90
6;0.959;104;34;2354;81
7;0.346;103;14;2489;86
8;0.739;106;18;1845;80
9;0.927;98;30;1577;82
10;0.695;84;32;1785;83
11;0.74;97;13;1886;99
1;0.906;86;14;2297;84
2;0.858;94;35;1627;77
3;0.552;88;19;2479;94
4;0.961;110;20;2281;77
5;0.359;108;12;1731;78
6;0.597;88;35;1873;78
7;0.77;94;25;2381;86
8;0.443;97;19;2040;94
9;0.778;82;24;1771;90
10;0.725;100;10;2429;78
1;0.462;85;34;2395;86
2;0.788;82;32;1801;82
3;0.629;86;18;2494;85
4;0.712;100;10;1789;96
5;0.888;86;30;1802;88
6;0.387;106;24;1507;95
7;0.9;93;26;1631;81
8;0.401;82;18;1595;99
9;0.904;102;18;1874;93
10;0.863;81;36;2103;97
11;0.908;81;19;1751;70
12;0.433;103;24;2350;88
1;0.695;98;28;2099;70
2;1;101;37;1858;88
3;0.765;80;36;2102;87
4;0.725;83;39;2153;90
5;0.58;84;25;2357;96
6;0.524;82;11;2264;90
7;0.755;95;22;2243;92
8;0.793;104;11;1623;98
9;0.344;97;13;2189;87
10;0.525;93;26;2255;97
11;0.787;81;15;1784;91
1;0.592;80;34;1722;98
2;0.801;91;33;1848;91
3;0.662;85;16;2392;88
4;0.734;83;30;1753;96
5;0.83;101;22;1992;72
6;0.393;105;26;2389;88
7;0.429;93;21;2266;87
8;0.547;81;31;1755;78
9;0.83;90;12;2304;92
1;0.902;88;13;1728;85
2;0.798;108;16;1581;95
3;0.38;95;36;1720;94
4;0.314;101;15;1686;77
5;0.83;95;20;2264;75
6;0.524;90;15;1666;94
7;0.329;81;25;1665;92
8;0.897;92;36;1596;92
9;0.417;92;28;2368;94
10;0.556;110;35;2026;86
11;0.619;98;16;1968;84
12;0.744;90;33;2223;80
1;0.602;83;33;1550;94
2;0.461;85;25;2475;73
3;0.638;95;26;2453;95
4;0.409;106;25;2159;88
5;0.677;101;24;2159;79
6;0.458;91;35;1825;86
7;0.948;109;20;2015;74
8;0.93;90;28;1512;99
9;0.614;99;39;1997;83
1;0.573;95;28;2158;95
2;0.613;98;10;1972;81
3;0.737;93;37;2066;76
4;0.688;91;30;1850;79
5;0.743;83;12;2469;99
6;0.508;96;40;2380;70
7;0.761;90;38;2211;78
8;0.363;82;22;2411;99
9;0.755;80;26;2241;87
10;0.364;85;31;1568;75
11;0.881;91;32;1888;93
12;0.46;109;40;1773;94
1;0.92;83;36;1555;96
2;0.993;88;32;2432;71
3;0.906;95;37;1514;85
4;0.608;109;19;1663;71
5;0.677;98;36;2064;93
6;0.701;82;26;2304;82
7;0.941;96;16;1903;87
8;0.391;109;35;1926;79
9;0.783;103;19;2178;98
10;0.611;106;38;1988;99
1;0.751;100;31;2465;71
2;0.441;90;21;2087;77
3;0.457;92;11;2114;91
4;0.546;109;38;2390;76
5;0.716;90;26;2429;84
6;0.689;98;25;2186;76
7;0.687;107;24;2009;81
8;0.481;98;25;1901;88
9;0.614;104;18;2190;78
10;0.685;96;23;2267;70
11;0.95;100;19;1615;73
12;0.317;88;40;1826;70
13;0.421;107;24;1741;85
14;0.902;108;28;1883;94
15;0.721;104;23;1820;84
1;0.984;99;10;1896;98
2;0.528;90;34;2424;74
3;0.455;82;14;2356;85
4;0.658;94;30;2233;88
5;0.906;94;27;1610;73
6;0.834;99;21;2266;81
7;0.742;100;13;2476;76
8;0.873;109;20;2113;97
9;0.826;88;18;2303;82
10;0.657;99;15;1953;82
11;0.521;108;15;2493;95
12;0.8;93;14;1760;78
13;0.885;85;19;2093;78
14;0.746;85;27;1547;78
1;0.361;90;17;2421;76
2;0.676;103;19;2303;81
3;0.304;92;22;2074;94
4;0.842;101;26;2148;70
5;0.313;96;32;1912;83
6;0.755;90;38;1662;90
7;0.546;98;35;2340;70
8;0.748;80;33;1642;96
9;0.962;108;35;1957;81
10;0.505;97;19;1717;93
1;0.697;96;10;1945;75
2;0.719;90;10;1818;94
3;0.406;105;35;1706;96
4;0.626;97;32;1815;88
5;0.544;100;27;1507;98
6;0.846;106;22;1820;91
7;0.443;87;21;2156;91
8;0.98;90;11;1615;88
1;0.378;91;19;2243;87
2;0.45;83;15;1877;81
3;0.595;85;14;1791;93
4;0.41;82;27;2007;80
5;0.602;86;15;1955;91
6;0.67;87;32;2203;97
7;0.74;92;36;1658;91
8;0.849;83;38;2166;83
9;0.881;85;27;2188;90
10;0.548;91;35;1648;70
11;0.589;102;39;1991;91
12;0.964;84;14;2343;94
13;0.507;88;36;2315;97
1;0.755;89;16;2275;96
2;0.331;88;28;1556;81
3;0.919;102;32;1907;91
4;0.83;108;17;1937;83
5;0.67;94;13;2193;91
6;0.685;91;37;1736;74
7;0.883;83;18;2270;73
8;0.589;87;40;1848;72
9;0.419;90;39;2139;74
10;0.436;110;15;2326;83
11;0.688;82;26;1962;79
1;0.865;85;26;1543;77
2;0.637;99;35;1843;75
3;0.746;99;34;1936;85
4;0.309;103;38;2068;75
5;0.784;106;15;2331;72
6;0.487;98;38;1951;81
7;0.941;93;11;1692;98
8;0.371;108;10;1866;86
9;0.479;93;38;1670;73
10;0.894;99;39;1510;74
11;0.797;109;16;2402;91
12;0.575;103;40;1567;89
1;0.663;99;31;2243;77
2;0.91;81;35;2390;93
3;0.917;104;18;2462;96
4;0.816;91;24;1645;75
5;0.767;105;40;1959;96
6;0.759;100;31;2258;98
7;0.326;96;17;1959;80
8;0.673;80;17;1983;91
9;0.483;86;39;2353;93
10;0.931;85;16;2332;79
11;0.622;102;39;1757;92
12;0.606;95;22;2243;97
1;0.46;99;19;2407;71
2;0.382;86;13;2387;74
3;0.611;105;26;1778;83
4;0.922;102;10;1742;84
5;0.895;108;12;2367;70
6;0.461;90;17;2181;70
7;0.3;106;29;2151;82
8;0.952;98;11;2145;83
1;0.956;87;15;1676;74
2;0.36;107;21;1737;76
3;0.455;82;39;1687;87
4;0.554;81;31;2272;70
5;0.617;101;19;2132;79
6;0.383;94;31;2195;71
7;0.743;84;18;1920;76
8;0.974;107;30;2454;84
9;0.642;84;29;2317;90
10;0.806;107;36;2099;87
11;0.703;94;28;1864;81
12;0.77;97;32;2297;89
1;0.556;91;16;2381;87
2;0.478;107;19;1793;89
3;0.868;104;14;2042;77
4;0.836;82;11;2420;76
5;0.905;98;32;2152;85
6;0.729;88;22;2435;87
7;0.884;88;20;1933;77
8;0.606;104;12;2294;71
9;0.746;83;18;2055;94
10;0.631;90;36;2454;88
11;0.577;82;39;1590;93
12;0.759;100;12;2094;92
13;0.798;101;20;2496;76
14;0.642;109;13;2240;73
1;0.52;107;35;1740;81
2;0.891;86;36;1834;76
3;0.774;105;14;1546;99
4;0.41;83;40;2183;86
5;0.553;91;18;1861;76
6;0.814;93;33;1773;74
7;0.474;84;31;1624;90
8;0.971;109;27;2282;85
9;0.639;96;28;1578;76
10;0.78;90;19;1799;99
11;0.318;107;21;1735;95
12;0.365;95;25;1817;99
13;0.912;88;28;1794;77
14;0.913;99;25;1502;88
1;0.419;103;27;1524;75
2;0.527;96;33;2297;74
3;0.52;102;39;2460;92
4;0.944;90;22;2041;86
5;0.425;109;25;2375;92
6;0.906;103;35;2461;78
7;0.762;98;20;1534;74
8;0.642;102;30;2125;85
9;0.452;107;16;2320;79
10;0.517;91;28;2454;80
11;0.826;87;23;2322;73
12;0.817;91;30;2303;91
13;0.919;110;20;2129;70
1;0.717;92;12;1924;87
2;0.49;94;39;2421;99
3;0.825;110;29;2414;71
4;0.904;102;12;1762;82
5;0.409;102;19;1545;82
6;0.413;83;32;1780;88
7;0.318;98;38;1836;98
1;0.471;86;14;1665;84
2;0.978;84;14;2223;93
3;0.949;88;37;2271;92
4;0.826;91;33;1548;89
5;0.579;96;19;1666;81
6;0.556;85;17;1793;86
7;0.473;82;23;2048;85
8;0.442;86;17;1687;87
9;0.931;109;39;2140;87
1;0.873;99;26;1975;71
2;0.899;109;22;1725;90
3;0.942;98;21;2259;73
4;0.886;100;10;1650;96
5;0.847;107;15;1709;74
6;0.61;93;24;2304;76
7;0.468;109;14;1914;91
8;0.434;90;17;1812;79
9;0.644;83;15;2108;95
10;0.565;103;24;1507;72
1;0.737;108;33;2338;88
2;0.763;93;38;1876;74
3;0.814;101;15;1887;89
4;0.469;92;36;1844;95
5;0.59;107;40;2397;99
6;0.582;82;40;2179;94
7;0.888;94;36;2316;70
8;0.925;98;12;2246;95
9;0.47;107;21;1678;71
10;0.404;87;36;1700;76
11;0.797;83;29;1579;89
12;0.544;83;23;2202;87
1;0.484;109;28;1882;79
2;0.917;91;24;1795;77
3;0.647;84;21;2235;96
4;0.578;110;23;1783;94
5;0.783;82;10;2082;73
6;0.963;90;17;1636;93
7;0.431;93;18;2321;71
8;0.532;103;34;2356;96
1;0.459;102;14;2353;70
2;0.317;88;19;2349;74
3;0.915;105;34;1540;93
4;0.311;86;18;2182;73
5;0.729;81;31;1966;78
6;0.518;83;14;2444;78
7;0.528;102;10;2032;71
8;0.496;105;31;1567;91
9;0.979;110;35;2320;94
10;0.875;89;35;2441;92
1;0.457;88;38;1514;87
2;0.57;107;32;2184;79
3;0.454;99;32;1847;88
4;0.5;95;33;2096;91
5;0.456;97;20;1865;78
6;0.795;105;35;1912;87
7;0.635;90;17;1836;71
8;0.565;83;35;1621;81
1;0.8;106;31;2273;98
2;0.88;88;35;1879;78
3;0.602;108;25;2126;70
4;0.909;100;26;2040;78
5;0.846;84;28;1658;72
6;0.726;87;40;2487;95
7;0.911;94;17;1937;85
8;0.934;105;10;1885;82
9;0.478;82;13;1772;72
10;0.784;82;22;2266;75
11;0.526;100;13;1737;75
12;0.66;85;28;2212;83
1;0.329;103;28;1623;86
2;0.931;100;21;1506;96
3;0.685;92;18;2223;89
4;0.946;82;21;2133;98
5;0.863;95;22;1765;94
6;0.612;105;27;2235;85
7;0.582;107;22;1583;93
8;0.464;103;37;2263;77
9;0.302;107;14;2482;84
1;0.881;88;19;2477;72
2;0.537;99;14;1563;77
3;0.972;96;12;1786;85
4;0.857;109;36;1708;96
5;0.874;91;22;1595;92
6;0.727;86;23;2359;88
7;0.897;91;23;1764;87
8;0.356;86;39;1970;70
9;0.303;81;37;2076;76
10;0.503;84;39;1936;73
1;0.494;93;22;1788;99
2;0.613;81;18;1588;79
3;0.719;100;36;2491;80
4;0.534;100;28;1500;84
5;0.389;93;14;1553;71
6;0.309;80;31;1778;78
7;0.754;101;36;1645;94
1;0.515;81;13;2303;77
2;0.388;102;40;2357;85
3;0.878;101;24;1900;99
4;0.974;108;27;1632;76
5;0.578;91;32;2448;70
6;0.777;98;18;2138;98
7;0.668;84;34;2290;98
8;0.368;96;13;2448;92
9;0.844;96;39;1977;75
10;0.561;105;35;1753;89
11;0.487;93;40;2194;79
12;0.487;104;26;2491;91
1;0.366;110;28;2106;94
2;0.87;90;20;1535;81
3;0.597;99;16;1616;98
4;0.824;81;18;2186;94
5;0.834;91;16;1730;97
6;0.742;90;31;1889;91
7;0.309;92;18;1596;77
8;0.459;94;30;1574;77
9;0.35;108;37;1614;91
10;0.782;110;24;2033;84
11;0.694;94;15;2360;72
1;0.764;97;12;1662;87
2;0.943;107;18;1696;92
3;0.491;97;35;1710;80
4;0.946;84;10;1592;99
5;0.653;80;14;2375;85
6;0.622;89;34;2270;70
7;0.683;97;29;1798;87
8;0.657;95;18;2008;87
9;0.617;83;39;1920;84
10;0.387;88;28;2344;85
11;0.389;89;26;2257;88
12;0.728;81;16;1871;93
1;0.686;85;17;1523;77
2;0.431;81;21;2225;94
3;0.991;99;37;1642;84
4;0.87;98;25;2147;99
5;0.973;89;14;1741;74
6;0.966;108;22;2128;86
7;0.769;103;19;2063;88
8;0.388;93;19;2211;96
9;0.33;98;27;1534;84
1;0.476;100;39;2028;73
2;0.436;106;14;1994;89
3;0.334;110;17;2462;95
4;0.499;99;36;1642;98
5;0.612;95;35;1547;89
6;0.987;105;10;2477;76
7;0.573;95;32;2265;91
8;0.532;101;18;1927;75
9;0.545;109;29;1772;93
10;0.815;93;34;1650;75
11;0.466;94;35;2449;94
12;0.463;81;18;2313;98
1;0.568;95;26;2113;83
2;0.4;105;18;2141;93
3;0.703;90;27;2026;91
4;0.87;96;20;1869;76
5;0.765;84;34;1777;91
6;0.975;109;17;2345;72
7;0.992;105;11;2224;76
8;0.734;82;29;1854;94
9;0.337;108;31;1786;85
10;0.499;96;36;1803;76
11;0.909;98;13;2038;88
12;0.998;87;15;2488;82
13;0.391;95;31;1706;70
14;0.634;91;35;2328;87
1;0.791;87;10;1717;88
2;0.445;89;21;1662;83
3;0.62;94;35;1505;97
4;0.369;105;26;1608;91
5;0.709;97;33;2004;82
6;0.795;109;13;1819;95
7;0.526;87;39;1526;83
8;0.706;89;12;1892;79
9;0.51;99;40;2182;71
10;0.369;96;10;2434;76
11;0.994;100;34;1849;83
12;0.923;95;33;1872;92
13;0.917;103;26;2187;81
14;0.614;81;22;2170;90
1;0.74;107;31;2020;96
2;0.663;97;31;2464;97
3;0.429;92;14;1557;70
4;0.869;81;23;2286;86
5;0.371;109;27;2119;95
6;0.453;83;21;2467;93
7;0.576;108;19;1901;98
8;0.939;86;29;2424;84
9;0.519;91;12;2346;91
10;0.467;109;10;2254;91
1;0.59;106;18;1655;86
2;0.574;93;12;1651;94
3;0.834;101;33;1741;91
4;0.677;97;38;1553;79
5;0.995;98;11;2081;72
6;0.555;110;22;2031;94
7;0.558;86;10;2132;84
8;0.745;80;29;2333;94
1;0.605;92;15;1757;79
2;0.397;80;40;2001;94
3;0.846;89;27;2206;70
4;0.431;87;16;2380;88
5;0.802;84;35;2443;90
6;0.975;102;17;2411;84
7;0.659;95;27;2457;77
8;0.552;104;37;2346;91
1;0.912;82;34;2304;79
2;0.477;94;21;1881;85
3;0.563;101;33;2480;96
4;0.811;90;25;2079;74
5;0.599;91;10;1760;94
6;0.34;88;10;1801;71
7;0.374;105;22;2181;90
8;0.785;94;14;2457;95
9;0.688;83;13;1773;84
10;0.679;80;18;1673;72
11;0.495;106;18;1783;76
12;0.701;86;13;1981;71
1;0.57;102;26;1804;92
2;0.368;104;13;2000;78
3;0.862;82;24;1785;94
4;0.904;83;37;2089;92
5;0.723;94;16;1993;96
6;0.387;107;33;2038;70
7;0.72;90;30;2259;83
8;0.631;83;17;1514;75
9;0.889;82;16;1674;88
10;0.669;85;32;1735;79
11;0.631;83;18;1897;86
12;0.453;95;21;1538;96
13;0.412;86;36;1511;83
1;0.49;82;23;2136;96
2;0.918;105;22;2292;97
3;0.39;83;28;2488;91
4;0.928;96;39;1886;93
5;0.953;101;28;1789;96
6;0.399;103;11;2016;84
7;0.797;106;38;2348;73
8;0.396;100;29;2290;72
9;0.947;89;32;2442;92
10;0.899;89;34;1642;83
11;0.959;83;36;1700;98
12;0.905;101;25;1576;74
13;0.602;101;12;2095;82
14;0.735;93;13;1830;80
1;0.498;82;32;2351;93
2;0.425;80;28;2121;84
3;0.57;101;35;1625;83
4;0.56;83;24;2069;76
5;0.677;101;37;2138;86
6;0.92;80;13;1999;78
7;0.868;104;32;1882;79
8;0.756;96;37;2378;83
9;0.555;97;10;1663;97
10;0.566;99;10;2233;90
11;0.374;85;11;1549;93
12;0.595;102;10;1665;82
13;0.335;86;12;2139;81
14;0.587;86;39;1547;99
15;0.747;106;12;1627;94
1;0.367;109;25;1971;72
2;0.309;106;19;2067;85
3;0.412;102;29;1714;95
4;0.511;105;29;2360;97
5;0.788;103;23;1924;77
6;0.892;93;40;1674;85
7;0.86;85;19;1993;82
8;0.886;89;34;2255;70
9;0.481;105;18;2484;84
10;0.436;106;38;2310;94
11;0.328;94;29;2176;76
12;0.436;84;33;1545;96
13;0.618;101;15;1547;82
14;0.524;87;24;1748;76
1;0.906;90;12;2219;89
2;0.994;87;30;2433;90
3;0.718;90;31;1518;96
4;0.302;100;14;1661;88
5;0.53;109;17;1963;94
6;0.755;85;14;1980;99
7;0.392;89;21;2481;84
8;0.625;97;21;1939;87
9;0.97;92;32;1539;73
10;0.841;89;16;1708;70
11;0.943;80;27;1817;98
12;0.942;83;11;1998;71
13;0.834;90;30;1981;94
14;0.507;82;40;1909;73
1;0.356;83;15;1610;93
2;0.593;101;32;1901;71
3;0.531;88;30;2411;85
4;0.335;95;34;1529;97
5;0.732;104;17;1648;70
6;0.804;106;14;1986;86
7;0.644;105;18;1662;98
1;0.339;109;12;1815;98
2;0.448;108;30;2035;79
3;0.405;80;22;1839;96
4;0.687;100;39;2079;88
5;0.879;98;10;2180;91
6;0.314;107;30;1571;74
7;0.727;101;19;2234;75
8;0.879;88;12;2291;98
1;0.999;98;14;1911;70
2;0.334;90;39;1681;73
3;0.924;86;38;1690;77
4;0.82;101;27;2005;94
5;0.862;100;19;2261;83
6;0.565;93;14;2353;87
7;0.561;104;36;1544;98
8;0.799;110;16;1666;75
9;0.496;108;23;1678;74
10;0.824;97;14;1572;83
1;0.473;92;26;1948;96
2;0.45;110;37;2388;84
3;0.311;89;13;2259;75
4;0.613;80;36;1591;86
5;0.87;99;24;1524;92
6;0.375;90;20;1706;88
7;0.627;90;29;1547;96
8;0.737;95;24;2184;84
9;0.776;90;16;2318;76
1;0.459;88;25;1915;84
2;0.866;99;12;1887;89
3;0.893;110;32;1509;73
4;0.544;106;17;2465;95
5;0.656;83;28;1591;90
6;0.73;94;32;1931;97
7;0.766;103;11;2020;72
8;0.348;92;38;1698;78
9;0.686;95;36;1534;85
10;0.625;82;36;2326;90
11;0.976;100;22;1569;78
12;0.803;99;21;1798;93
13;0.616;97;37;1910;79
14;0.443;102;23;1592;84
1;0.661;91;15;2038;70
2;0.489;99;36;1673;78
3;0.676;109;13;2269;84
4;0.457;90;28;1531;82
5;0.45;101;37;1648;80
6;0.485;96;14;2475;88
7;0.633;106;35;2128;88
8;0.384;105;37;2445;96
9;0.462;103;28;1656;73
1;0.734;105;16;1981;75
2;0.683;105;20;2157;91
3;0.732;88;16;2126;90
4;0.913;90;24;2366;81
5;0.754;97;24;1649;89
6;0.944;89;34;2014;84
7;0.645;110;37;1847;79
8;0.533;110;26;2004;92
9;0.344;93;31;1953;92
10;0.823;107;22;1509;82
11;0.436;82;25;2461;91
12;0.518;102;39;2221;92
13;0.739;86;35;2444;70
1;0.459;104;15;1944;76
2;0.739;80;17;1786;71
3;0.678;99;38;1839;88
4;0.675;84;34;2051;99
5;0.712;94;24;2343;90
6;0.615;96;14;1913;72
7;0.453;107;20;1531;70
8;0.301;86;12;2321;89
9;0.634;81;11;2283;80
1;0.722;93;13;2356;72
2;0.41;86;28;2047;76
3;0.785;107;26;1574;78
4;0.489;102;35;1713;91
5;0.548;105;26;1817;83
6;0.621;96;34;1685;87
7;0.541;108;21;2265;96
8;0.667;106;25;2302;77
9;0.405;92;12;1673;95
10;0.867;86;19;2417;88
11;0.37;83;15;2333;78
1;0.634;97;11;2273;81
2;0.973;110;12;2162;74
3;0.711;97;35;1605;87
4;0.939;98;32;2435;79
5;0.832;90;21;2212;94
6;0.415;88;26;2066;95
7;0.458;97;29;2439;86
8;0.711;98;30;1807;73
1;0.678;81;26;1855;71
2;0.392;85;39;1984;79
3;0.753;83;25;2140;70
4;0.304;104;32;1836;92
5;0.371;94;31;2168;74
6;0.649;103;25;2050;90
7;0.704;107;16;1866;96
1;0.397;83;26;1988;73
2;0.908;107;21;1737;75
3;0.923;82;10;2168;85
4;0.948;82;13;1687;88
5;0.811;85;28;1657;77
6;0.373;80;28;2223;83
7;0.697;96;22;1586;70
1;0.943;97;10;1829;87
2;0.634;94;35;1856;94
3;0.411;95;36;1638;74
4;0.558;91;13;2062;70
5;0.433;86;26;1547;92
6;0.77;97;12;1605;86
7;0.423;86;32;2191;77
8;0.442;82;13;1759;84
9;0.806;108;37;2390;98
10;0.715;85;19;1837;71
11;0.445;95;17;1539;88
12;0.321;109;36;1811;90
